id,found_value,confidence_score,evidence_snippet
141,UNKNOWN,0,No evidence found
400,UNKNOWN,0,No evidence found
76,NextGen Systems. A recurring theme among case studies is the tension between rapid rollout and thorough QA,95,"erformance gains over a single fiscal quarter. According to archived materials, Entity_041 had main competitor listed as NextGen Systems. A recurring theme among case studies is the tension between rapid rollout and thorough QA, often visible in public filings. Many narratives that began as speculative blo"
124,UNKNOWN,0,No evidence found
414,Sector 7 Research Park. Interviews with former staff revealed a mix of pride and frustration,95,"acy manufacturing with cloud-native control strategies. Industry observers note Entity_039 with research lab location equal to Sector 7 Research Park. Interviews with former staff revealed a mix of pride and frustration, a common thread across multiple small firms. A recurring theme among case stud"
437,Mina Naim. A deliberate focus on customer experience reshaped product roadmaps during late-stage pivots. In recent years the sector has shifted in ways few predicted,95,"prototypes that were later commercialized by small teams. Company filings list Entity_041's ceo as Mina Naim. A deliberate focus on customer experience reshaped product roadmaps during late-stage pivots. In recent years the sector has shifted in ways few predicted, blending legacy manufacturing with cloud-native control strategies. Interviews"
164,UNKNOWN,0,No evidence found
410,UNKNOWN,0,No evidence found
184,UNKNOWN,0,No evidence found
487,Eurasia Hub. Engineers on the ground noted that incremental improvements compounded into outsized performance gains over a single fiscal quarter. Interviews with former staff revealed a mix of pride and frustration,95,"> <p>artnerships have driven much of the mid-stage instrumentation development. Entity_023 is headquartered in Eurasia Hub. Engineers on the ground noted that incremental improvements compounded into outsized performance gains over a single fiscal quarter. Interviews with former staff revealed a mix of pride and frustration, a common thread across multiple small firms. Operational consolidation sometim"
25,Harbor View. A deliberate focus on customer experience reshaped product roadmaps during late-stage pivots. Entity_010 is headquartered in Verdant OS. Academic partnerships have driven much of the mid-stage instrumentation development. A recurring theme among case studies is the tension between rapid rollout and thorough QA,95,"stribution of resources, often favoring coastal centers over inland facilities. Entity_007 reports that its headquarters neighborhood is Harbor View. A deliberate focus on customer experience reshaped product roadmaps during late-stage pivots. Entity_010 is headquartered in Verdant OS. Academic partnerships have driven much of the mid-stage instrumentation development. A recurring theme among case studies is the tension between rapid rollout and thorough QA, often visible in public filings. Local government grants seeded prototypes tha"
363,Stonebridge Facility. In recent years the sector has shifted in ways few predicted,95,"that were later commercialized by small teams. According to archived materials, Entity_021 had manufacturing site listed as Stonebridge Facility. In recent years the sector has shifted in ways few predicted, blending legacy manufacturing with cloud-native control strategies. Entity_046"
345,UNKNOWN,0,No evidence found
111,UNKNOWN,0,No evidence found
260,UNKNOWN,0,No evidence found
226,Eurasia Hub. Engineers on the ground noted that incremental improvements compounded into outsized performance gains over a single fiscal quarter. Interviews with former staff revealed a mix of pride and frustration,95,"> <p>artnerships have driven much of the mid-stage instrumentation development. Entity_023 is headquartered in Eurasia Hub. Engineers on the ground noted that incremental improvements compounded into outsized performance gains over a single fiscal quarter. Interviews with former staff revealed a mix of pride and frustration, a common thread across multiple small firms. Operational consolidation sometim"
389,UNKNOWN,0,No evidence found
28,Calder Point. Many narratives that began as speculative blog posts later found evidence in public records or archived press releases. Academic partnerships have driven much of the mid-stage instrumentation development. Operational consolidation sometimes disguised underlying product diversity. Engineers on the ground noted that incremental improvements compounded into outsized performance gains over a single fiscal quarter. Interviews with former staff revealed a mix of pride and frustration,95,"ation sometimes disguised underlying product diversity. Industry observers note Entity_010 with headquarters equal to Calder Point. Many narratives that began as speculative blog posts later found evidence in public records or archived press releases. Academic partnerships have driven much of the mid-stage instrumentation development. Operational consolidation sometimes disguised underlying product diversity. Engineers on the ground noted that incremental improvements compounded into outsized performance gains over a single fiscal quarter. Interviews with former staff revealed a mix of pride and frustration, a common thread across multiple small firms. Academic partnerships have driven"
65,UNKNOWN,0,No evidence found
310,UNKNOWN,0,No evidence found
382,UNKNOWN,0,No evidence found
191,South Harbor Annex. Local government grants seeded prototypes that were later commercialized by small teams. Regional hubs provided an uneven distribution of resources,95,"llout and thorough QA, often visible in public filings. Industry observers note Entity_005 with research lab location equal to South Harbor Annex. Local government grants seeded prototypes that were later commercialized by small teams. Regional hubs provided an uneven distribution of resources, often favoring coastal centers over inland facilities. In recent years the sec"
51,2021,95,"thorough QA, often visible in public filings. According to archived materials, Entity_040 had last funding round year listed as 2021. Operational consolidation sometimes disguised underlying product diversity. Entity_038 is headquartered in support@entity_038.example. In recent years the sector has shifted in ways few predicted, blending legacy manufacturing with cloud-native control strategies. Operationa"
50,UNKNOWN,0,No evidence found
101,UNKNOWN,0,No evidence found
88,Delta Labs. Academic partnerships have driven much of the mid-stage instrumentation development. Regional hubs provided an uneven distribution of resources,95,"ototypes that were later commercialized by small teams. Industry observers note Entity_043 with partner organization equal to Delta Labs. Academic partnerships have driven much of the mid-stage instrumentation development. Regional hubs provided an uneven distribution of resources, often favoring coastal centers over inland facilities. Engineers on the ground"
247,Marroway Co-op. A deliberate focus on customer experience reshaped product roadmaps during late-stage pivots. Many narratives that began as speculative blog posts later found evidence in public records or archived press releases. A deliberate focus on customer experience reshaped product roadmaps during late-stage pivots. In recent years the sector has shifted in ways few predicted,95,"driven much of the mid-stage instrumentation development. Company filings list Entity_011's manufacturing site as Marroway Co-op. A deliberate focus on customer experience reshaped product roadmaps during late-stage pivots. Many narratives that began as speculative blog posts later found evidence in public records or archived press releases. A deliberate focus on customer experience reshaped product roadmaps during late-stage pivots. In recent years the sector has shifted in ways few predicted, blending legacy manufacturing with cloud-native control strategies. A recurrin"
494,UNKNOWN,0,No evidence found
23,UNKNOWN,0,No evidence found
446,2010. Engineers on the ground noted that incremental improvements compounded into outsized performance gains over a single fiscal quarter. Operational consolidation sometimes disguised underlying product diversity. Many narratives that began as speculative blog posts later found evidence in public records or archived press releases. Interviews with former staff revealed a mix of pride and frustration,95,"stribution of resources, often favoring coastal centers over inland facilities. Entity_040 is headquartered in 2010. Engineers on the ground noted that incremental improvements compounded into outsized performance gains over a single fiscal quarter. Operational consolidation sometimes disguised underlying product diversity. Many narratives that began as speculative blog posts later found evidence in public records or archived press releases. Interviews with former staff revealed a mix of pride and frustration, a common thread across multiple small firms. Industry observers note Entity_02"
304,UNKNOWN,0,No evidence found
176,NextGen Systems. A deliberate focus on customer experience reshaped product roadmaps during late-stage pivots. Regional hubs provided an uneven distribution of resources,95,"es. Operational consolidation sometimes disguised underlying product diversity. Entity_027 reports that its main competitor is NextGen Systems. A deliberate focus on customer experience reshaped product roadmaps during late-stage pivots. Regional hubs provided an uneven distribution of resources, often favoring coastal centers over inland facilities. Entity_050 reports that"
145,LumaSensor. In recent years the sector has shifted in ways few predicted,95,"iven much of the mid-stage instrumentation development. Industry observers note Entity_049 with flagship product equal to LumaSensor. In recent years the sector has shifted in ways few predicted, blending legacy manufacturing with cloud-native control strategies. Regional h"
392,UNKNOWN,0,No evidence found
162,Stonebridge Facility. Operational consolidation sometimes disguised underlying product diversity. Local government grants seeded prototypes that were later commercialized by small teams. Operational consolidation sometimes disguised underlying product diversity. Local government grants seeded prototypes that were later commercialize,95,es. Operational consolidation sometimes disguised underlying product diversity. Entity_031 reports that its manufacturing site is Stonebridge Facility. Operational consolidation sometimes disguised underlying product diversity. Local government grants seeded prototypes that were later commercialized by small teams. Operational consolidation sometimes disguised underlying product diversity. Local government grants seeded prototypes that were later commercialize</p></article> <article><p>d by small teams. Local government grants seeded prot
126,Cloud robotics. Operational consolidation sometimes disguised underlying product diversity. Academic partnerships have driven much of the mid-stage instrumentation development. In recent years the sector has shifted in ways few predicted,95,"ation sometimes disguised underlying product diversity. Industry observers note Entity_029 with primary market equal to Cloud robotics. Operational consolidation sometimes disguised underlying product diversity. Academic partnerships have driven much of the mid-stage instrumentation development. In recent years the sector has shifted in ways few predicted, blending legacy manufacturing with cloud-native control strategies. Local gove"
495,UNKNOWN,0,No evidence found
480,49,95,"und evidence in public records or archived press releases. Company filings list Entity_021's subscription price (usd) as 49. Operational consolidation sometimes disguised underlying product diversity. Many narratives that began as speculative blog posts later found evidence in public records or archived press releases. Many narratives that began as speculative blog posts later found evidence in public records or archived press releases. Engineers on the ground noted that incremental improvements compounded into outsized performance gains over a single fiscal quarter. Operational consolidation sometimes disguised underlying product diversity. A recurring theme among case studies is the tension between rapid rollout and thorough QA, often visible i</p></article> <article><h2>Profile: Entity_021</h2> <p>n publi"
326,PulseGrid. Interviews with former staff revealed a mix of pride and frustration,95,"lidation sometimes disguised underlying product diversity. Company filings list Entity_011's flagship product as PulseGrid. Interviews with former staff revealed a mix of pride and frustration, a common thread across multiple small firms. Engineers on the ground noted tha"
159,ClinicNet. Interviews with former staff revealed a mix of pride and frustration,95,"frustration, a common thread across multiple small firms. Company filings list Entity_022's major client as ClinicNet. Interviews with former staff revealed a mix of pride and frustration, a common thread across multiple small firms. Entity_025 is headquartered in St"
180,UNKNOWN,0,No evidence found
268,UNKNOWN,0,No evidence found
205,UNKNOWN,0,No evidence found
277,IonFrame. Regional hubs provided an uneven distribution of resources,95,"nce reshaped product roadmaps during late-stage pivots. Industry observers note Entity_048 with flagship product equal to IonFrame. Regional hubs provided an uneven distribution of resources, often favoring coastal centers over inland facilities. A recurring theme among"
133,UNKNOWN,0,No evidence found
249,Dr. Brax. Engineers on the ground noted that incremental improvements compounded into outsized performance gains over a single fiscal quarter. Company filings list Entity_040's last funding round year as 2021. Academic partnerships have driven much of the mid-stage instrumentation development. Local government grants seeded prototypes that were later commercialized by small teams. Local government grants seeded prototypes that were later commercialized by small teams. A recurring theme among case studies is the tension between rapid rollout and thorough QA,95,"predicted, blending legacy manufacturing with cloud-native control strategies. Entity_029 reports that its founder is Dr. Brax. Engineers on the ground noted that incremental improvements compounded into outsized performance gains over a single fiscal quarter. Company filings list Entity_040's last funding round year as 2021. Academic partnerships have driven much of the mid-stage instrumentation development. Local government grants seeded prototypes that were later commercialized by small teams. Local government grants seeded prototypes that were later commercialized by small teams. A recurring theme among case studies is the tension between rapid rollout and thorough QA, often visible in public filings. Operational consolidation sometimes disguised"
87,North Hallow Plant. Local government grants seeded prototypes that were later commercialized by small teams. Many narratives that began as speculative blog,95,ernment grants seeded prototypes that were later commercialized by small teams. Entity_042 reports that its manufacturing site is North Hallow Plant. Local government grants seeded prototypes that were later commercialized by small teams. Many narratives that began as speculative blog</p></article> <article><p>posts later found evidence in public records or archi
297,PulseGrid. Engineers on the ground noted that incremental improvements compounded into outsized performance gains over a single fiscal quarter. Engineers on the ground noted that incremental improvements compounded into outsized performance gains over a single fiscal quarter. Operational consolidation sometimes disguised underlying product diversity. In recent years the sector has shifted in ways few predicted,95,"ements compounded into outsized performance gains over a single fiscal quarter. Entity_041 reports that its flagship product is PulseGrid. Engineers on the ground noted that incremental improvements compounded into outsized performance gains over a single fiscal quarter. Engineers on the ground noted that incremental improvements compounded into outsized performance gains over a single fiscal quarter. Operational consolidation sometimes disguised underlying product diversity. In recent years the sector has shifted in ways few predicted,</p></article> <article><p>blending legacy manufacturing with cloud-native cont"
314,Powering modern life. Local government grants seeded prototypes that were later commercialized by small teams. Engineers on the ground noted that incremental improvements compounded into outsized performance gains over a single fiscal quarter. Operational consolidation sometimes disguised underlying product diversity. Local government grants seeded prototypes that were later commercialized by small teams. Many narratives that began as speculative blog posts later found evidence in public records or archived press releases. A recurring theme among case studies is the tension between rapid rollout and thorough QA,95,"ements compounded into outsized performance gains over a single fiscal quarter. Entity_009 reports that its tagline is Powering modern life. Local government grants seeded prototypes that were later commercialized by small teams. Engineers on the ground noted that incremental improvements compounded into outsized performance gains over a single fiscal quarter. Operational consolidation sometimes disguised underlying product diversity. Local government grants seeded prototypes that were later commercialized by small teams. Many narratives that began as speculative blog posts later found evidence in public records or archived press releases. A recurring theme among case studies is the tension between rapid rollout and thorough QA, often visible in public filings. Industry observers note Entity_011 with suppo"
362,UNKNOWN,0,No evidence found
372,Old Dock. Engineers on the ground noted that incremental improvements compounded into outsized performance gains over a single fiscal quarter. Industry observers note Entity_016 with headquarters neighborhood equal to Old Dock. Interviews with former staff revealed a mix of pride and frustration,95,"ototypes that were later commercialized by small teams. Industry observers note Entity_016 with headquarters neighborhood equal to Old Dock. Engineers on the ground noted that incremental improvements compounded into outsized performance gains over a single fiscal quarter. Industry observers note Entity_016 with headquarters neighborhood equal to Old Dock. Interviews with former staff revealed a mix of pride and frustration, a common thread across multiple small firms. Engineers on the ground noted tha"
442,UNKNOWN,0,No evidence found
350,UNKNOWN,0,No evidence found
286,Techridge. Academic partnerships have driven much of the mid-stage instrumentation development. Regional hubs provided an uneven distribution of resources,95,"erformance gains over a single fiscal quarter. According to archived materials, Entity_008 had headquarters neighborhood listed as Techridge. Academic partnerships have driven much of the mid-stage instrumentation development. Regional hubs provided an uneven distribution of resources, often favoring coastal centers over inland facilities. Academic partnerships h"
459,North Hallow Plant. Many narratives that began as speculative blog posts later found evidence in public records or archived press releases. A deliberate focus on customer experience reshaped product roadmaps during late-stage pivots. A deliberate focus on customer experience reshaped product roadmaps during late-stage pivots. Regional hubs provided an uneven distribution of resources,95,"mic partnerships have driven much of the mid-stage instrumentation development. Entity_004 reports that its manufacturing site is North Hallow Plant. Many narratives that began as speculative blog posts later found evidence in public records or archived press releases. A deliberate focus on customer experience reshaped product roadmaps during late-stage pivots. A deliberate focus on customer experience reshaped product roadmaps during late-stage pivots. Regional hubs provided an uneven distribution of resources, often favoring coastal centers over inland facilities. Engineers on the ground"
307,2009,95,"thorough QA, often visible in public filings. According to archived materials, Entity_040 had founded year listed as 2009. Many narratives that began as speculative blog posts later found evidence in public records or archived press releases. Many narratives that began as speculative blog posts later found evidence in public records or archived press releases. A deliberate focus on customer experience reshaped product roadmaps during late-stage pivots. Academic partnerships have driven much of the mid-stage instrumentation development. Entity_011 reports that its tagline is Data for better decisions. Regional hubs provided an uneven distribution of resources, often favoring coastal centers over inland facilities. Many narratives that be"
74,2022,95,"ements compounded into outsized performance gains over a single fiscal quarter. Entity_044 reports that its last funding round year is 2022. Engineers on the ground noted that incremental improvements compounded into outsized performance gains over a single fiscal quarter. Regional hubs provided an uneven distribution of resources, often favoring coastal centers over inland facilities. Engineers on the ground"
67,UNKNOWN,0,No evidence found
183,Founders Row. Academic partnerships have driven much of the mid-stage instrumentation development. Regional hubs provided an uneven distribution of resources,95,"evidence in public records or archived press releases. Industry observers note Entity_046 with headquarters neighborhood equal to Founders Row. Academic partnerships have driven much of the mid-stage instrumentation development. Regional hubs provided an uneven distribution of resources, often favoring coastal centers over inland facilities. Regional hubs provided"
491,AUD. In recent years the sector has shifted in ways few predicted,95,"ped product roadmaps during late-stage pivots. According to archived materials, Entity_023 had default currency listed as AUD. In recent years the sector has shifted in ways few predicted, blending legacy manufacturing with cloud-native control strategies. Industry o"
481,UNKNOWN,0,No evidence found
418,UNKNOWN,0,No evidence found
293,12,95,"nce reshaped product roadmaps during late-stage pivots. Industry observers note Entity_036 with number of offices equal to 12. Interviews with former staff revealed a mix of pride and frustration, a common thread across multiple small firms. A recurring theme among case stud"
1,Helix Foundation. A deliberate focus on customer experience reshaped product roadmaps during late-stage pivots. Many narratives that began as speculative blog posts later found evidence in public records or archived press releases. Local government grants seeded prototypes that were later commercialized by small teams. A recurring theme among case studies is the tension between rapid rollout and thorough QA,95,"in public records or archived press releases. According to archived materials, Entity_037 had partner organization listed as Helix Foundation. A deliberate focus on customer experience reshaped product roadmaps during late-stage pivots. Many narratives that began as speculative blog posts later found evidence in public records or archived press releases. Local government grants seeded prototypes that were later commercialized by small teams. A recurring theme among case studies is the tension between rapid rollout and thorough QA, often visible in public filings. In recent years the sector has shifted in way"
7,AUD. Interviews with former staff revealed a mix of pride and frustration,95,"e blog posts later found evidence in public records or archived press releases. Entity_040 reports that its default currency is AUD. Interviews with former staff revealed a mix of pride and frustration, a common thread across multi</p></article> <article><p>ple small firms. Operat"
10,UNKNOWN,0,No evidence found
241,UNKNOWN,0,No evidence found
413,2018,95,"ed a mix of pride and frustration, a common thread across multiple small firms. Entity_010 reports that its product launch year is 2018. Academic partnerships have driven much of the mid-stage instrumentation development. Many narratives that began as speculative blog posts later found evidence in public records or archived press releases. Regional hubs provided an uneven distribution of resources, often favoring coastal centers over inland facilities. Operational consolidati"
150,support@entity_029.example. Local government grants seeded prototypes that were later commercialized by small teams. Interviews with former staff revealed a mix of pride and frustration,95,"ustration, a common thread across multiple small firms. Industry observers note Entity_029 with support email equal to support@entity_029.example. Local government grants seeded prototypes that were later commercialized by small teams. Interviews with former staff revealed a mix of pride and frustration, a common thread across multiple small firms. In recent years the sector has sh"
322,UNKNOWN,0,No evidence found
283,2017,95,"gs. Operational consolidation sometimes disguised underlying product diversity. Entity_014 reports that its last funding round year is 2017. Local government grants seeded prototypes that were later commercialized by small teams. Interviews with former staff revealed a mix of pride and frustration, a common thread across multiple small firms. Engineers on the ground noted tha"
265,UNKNOWN,0,No evidence found
497,UNKNOWN,0,No evidence found
390,UNKNOWN,0,No evidence found
22,Always onward. Many narratives that began as speculative blog posts later found evidence in public records or archived press releases. Academic partnerships have driven much of the mid-stage instrumentation development. Operational consolidation sometimes disguised underlying product diversity. A deliberate focus on customer experience reshaped product roadmaps during late-stage pivots. Local government grants seeded prototypes that were later commercialized by small teams. Operational consolidation sometimes disguised underlying product diversity. Local government grants seeded prototypes that were later commercialized by small teams. A recurring theme among case studies is the tension between rapid rollout and thorough QA,95,"utsized performance gains over a single fiscal quarter. Industry observers note Entity_023 with slogan equal to Always onward. Many narratives that began as speculative blog posts later found evidence in public records or archived press releases. Academic partnerships have driven much of the mid-stage instrumentation development. Operational consolidation sometimes disguised underlying product diversity. A deliberate focus on customer experience reshaped product roadmaps during late-stage pivots. Local government grants seeded prototypes that were later commercialized by small teams. Operational consolidation sometimes disguised underlying product diversity. Local government grants seeded prototypes that were later commercialized by small teams. A recurring theme among case studies is the tension between rapid rollout and thorough QA, often visible in public filings. Local government grants seeded prototypes tha"
59,UNKNOWN,0,No evidence found
383,UNKNOWN,0,No evidence found
317,Echowood Facility. Local government grants seeded prototypes that were later commercialized by small teams. Engineers on the ground noted that incremental improvements compounded into outsized performance gains over a single fiscal quarter. Regional hubs provided an uneven distribution of resources,95,"utsized performance gains over a single fiscal quarter. Industry observers note Entity_044 with research lab location equal to Echowood Facility. Local government grants seeded prototypes that were later commercialized by small teams. Engineers on the ground noted that incremental improvements compounded into outsized performance gains over a single fiscal quarter. Regional hubs provided an uneven distribution of resources, often favoring coastal centers over inland facilities. A deliberate focus on c"
292,UNKNOWN,0,No evidence found
44,UNKNOWN,0,No evidence found
94,UNKNOWN,0,No evidence found
360,GBP. Interviews with former staff revealed a mix of pride and frustration,95,"frustration, a common thread across multiple small firms. Company filings list Entity_031's default currency as GBP. Interviews with former staff revealed a mix of pride and frustration, a common thread across multiple small firms. According to archived materials,"
330,UNKNOWN,0,No evidence found
125,Always onward. Operational consolidation sometimes disguised underlying product diversity. Regional hubs provided an uneven distribution of resources,95,"evidence in public records or archived press releases. Industry observers note Entity_049 with slogan equal to Always onward. Operational consolidation sometimes disguised underlying product diversity. Regional hubs provided an uneven distribution of resources, often favoring coastal centers over inland facilities. In recent years the sec"
416,UNKNOWN,0,No evidence found
305,UNKNOWN,0,No evidence found
43,2008,95,"ation sometimes disguised underlying product diversity. Industry observers note Entity_018 with public listing year equal to 2008. A recurring theme among case studies is the tension between rapid rollout and thorough QA, often visible in public filings. Academic partnerships have driven much of the"
303,UNKNOWN,0,No evidence found
441,Light EVs. A deliberate focus on customer experience reshaped product roadmaps during late-stage pivots. Regional hubs provided an uneven distribution of resources,95,"ernment grants seeded prototypes that were later commercialized by small teams. Entity_037 reports that its primary market is Light EVs. A deliberate focus on customer experience reshaped product roadmaps during late-stage pivots. Regional hubs provided an uneven distribution of resources, often favoring coastal centers over inland facilities. Operational consolidati"
296,UNKNOWN,0,No evidence found
222,19,95,prototypes that were later commercialized by small teams. Company filings list Entity_035's subscription price (usd) as 19. Engineers on the ground noted that incremental improvements compounded into outsized performance gains over a single fiscal quarter. Industry observers note Entity_027 with customer satisfaction (score) equal to 72. Local government grants seeded prototypes that were later c
109,UNKNOWN,0,No evidence found
215,91. Operational consolidation sometimes disguised underlying product diversity. Academic partnerships have driven much of the mid-stage instrumentation development. A deliberate focus on customer experience reshaped product roadmaps during late-stage pivots. Operational consolidation sometimes disguised underlying product diversity. Interviews with former staff revealed a mix of pride and frustration,95,"e blog posts later found evidence in public records or archived press releases. Entity_046 is headquartered in 91. Operational consolidation sometimes disguised underlying product diversity. Academic partnerships have driven much of the mid-stage instrumentation development. A deliberate focus on customer experience reshaped product roadmaps during late-stage pivots. Operational consolidation sometimes disguised underlying product diversity. Interviews with former staff revealed a mix of pride and frustration, a common thread across multiple small firms. Engineers on the ground noted tha"
448,Home batteries. Regional hubs provided an uneven distribution of resources,95,"of the mid-stage instrumentation development. According to archived materials, Entity_044 had primary market listed as Home batteries. Regional hubs provided an uneven distribution of resources, often favoring coastal centers over inland facilities. A deliberate focus on c"
117,55. Interviews with former staff revealed a mix of pride and frustration,95,"stribution of resources, often favoring coastal centers over inland facilities. Entity_045 is headquartered in 55. Interviews with former staff revealed a mix of pride and frustration, a common thread across multiple small firms. A recurring theme among case stud"
483,Industrial sensors. Academic partnerships have driven much of the mid-stage instrumentation development. Interviews with former staff revealed a mix of pride and frustration,95,"ms. Operational consolidation sometimes disguised underlying product diversity. Entity_019 is headquartered in Industrial sensors. Academic partnerships have driven much of the mid-stage instrumentation development. Interviews with former staff revealed a mix of pride and frustration, a common thread across multiple small firms. In recent years the sector has sh"
243,UNKNOWN,0,No evidence found
151,UNKNOWN,0,No evidence found
316,EUR. Engineers on the ground noted that incremental improvements compounded into outsized performance gains over a single fiscal quarter. Local government grants seeded prototypes that were later commercialized by small teams. In recent years the sector has shifted in ways few predicted,95,"ements compounded into outsized performance gains over a single fiscal quarter. Entity_029 reports that its default currency is EUR. Engineers on the ground noted that incremental improvements compounded into outsized performance gains over a single fiscal quarter. Local government grants seeded prototypes that were later commercialized by small teams. In recent years the sector has shifted in ways few predicted, blending legacy manufacturing with cloud-native control strategies. Local gove"
73,Harvested with care. A recurring theme among case studies is the tension between rapid rollout and thorough QA,95,"in public records or archived press releases. According to archived materials, Entity_050 had tagline listed as Harvested with care. A recurring theme among case studies is the tension between rapid rollout and thorough QA, often visible in public filings. Regional hubs provided an uneven distribution"
377,UNKNOWN,0,No evidence found
130,support@entity_013.example. Operational consolidation sometimes disguised underlying product diversity. Engineers on the ground noted that incremental improvements compounded into outsized performance gains over a single fiscal quarter. Engineers on the ground noted that incremental improvements compounded into outsized performance gains over a single fiscal quarter. Regional hubs provided an uneven distribution of resources,95,"predicted, blending legacy manufacturing with cloud-native control strategies. Entity_013 reports that its support email is support@entity_013.example. Operational consolidation sometimes disguised underlying product diversity. Engineers on the ground noted that incremental improvements compounded into outsized performance gains over a single fiscal quarter. Engineers on the ground noted that incremental improvements compounded into outsized performance gains over a single fiscal quarter. Regional hubs provided an uneven distribution of resources, often favoring coastal centers over inland facilities. In recent years the sec"
163,RivalCorp. Engineers on the ground noted that incremental improvements compounded into outsized performance gains over a single fiscal quarter. Interviews with former staff revealed a mix of pride and frustration,95,"ocus on customer experience reshaped product roadmaps during late-stage pivots. Entity_009 is headquartered in RivalCorp. Engineers on the ground noted that incremental improvements compounded into outsized performance gains over a single fiscal quarter. Interviews with former staff revealed a mix of pride and frustration, a common thread across multiple small firms. Academic partnerships have driven"
396,UNKNOWN,0,No evidence found
493,UNKNOWN,0,No evidence found
41,GBP. Interviews with former staff revealed a mix of pride and frustration,95,"frustration, a common thread across multiple small firms. Company filings list Entity_031's default currency as GBP. Interviews with former staff revealed a mix of pride and frustration, a common thread across multiple small firms. According to archived materials,"
231,UNKNOWN,0,No evidence found
447,Techridge. In recent years the sector has shifted in ways few predicted,95,"ustration, a common thread across multiple small firms. Industry observers note Entity_025 with headquarters neighborhood equal to Techridge. In recent years the sector has shifted in ways few predicted, blending legacy manufacturing with cloud-native control strategies. In recent"
284,UNKNOWN,0,No evidence found
445,Built with care. In recent years the sector has shifted in ways few predicted,95,"legacy manufacturing with cloud-native control strategies. Company filings list Entity_041's slogan as Built with care. In recent years the sector has shifted in ways few predicted, blending legacy manufacturing with cloud-native control strategies. According"
374,UNKNOWN,0,No evidence found
171,Sustainability Medal 2021. Academic partnerships have driven much of the mid-stage instrumentation development. According to archived materials,95,"ms. Company filings</p></article> <article><h2>Profile: Entity_022</h2> <p>list Entity_034's recent award as Sustainability Medal 2021. Academic partnerships have driven much of the mid-stage instrumentation development. According to archived materials, Entity_014 had employee count (approx) listed as 50. Regional hubs provided an"
64,UNKNOWN,0,No evidence found
431,UNKNOWN,0,No evidence found
156,UNKNOWN,0,No evidence found
373,Prof. Garr. A recurring theme among case studies is the tension between rapid rollout and thorough QA,95,"lidation sometimes disguised underlying product diversity. Company filings list Entity_007's founder as Prof. Garr. A recurring theme among case studies is the tension between rapid rollout and thorough QA, often visible in public filings. Academic partnerships have driven much of the"
34,2020,95,"utsized performance gains over a single fiscal quarter. Industry observers note Entity_049 with public listing year equal to 2020. In recent years the sector has shifted in ways few predicted, blending legacy manufacturing with cloud-native control strategies. In recent"
333,RivalCorp. Academic partnerships have driven much of the mid-stage instrumentation development. In recent years the sector has shifted in ways few predicted,95,"prototypes that were later commercialized by small teams. Company filings list Entity_009's main competitor as RivalCorp. Academic partnerships have driven much of the mid-stage instrumentation development. In recent years the sector has shifted in ways few predicted, blending legacy manufacturing with cloud-native control strategies. Regional h"
463,UNKNOWN,0,No evidence found
420,Harbor View. Operational consolidation sometimes disguised underlying product diversity. Operational consolidation sometimes disguised underlying product diversity. Regional hubs provided an uneven distribution of resources,95,"lidation sometimes disguised underlying product diversity. Company filings list Entity_030's headquarters neighborhood as Harbor View. Operational consolidation sometimes disguised underlying product diversity. Operational consolidation sometimes disguised underlying product diversity. Regional hubs provided an uneven distribution of resources, often favoring coastal centers over inland facilities. In recent years the sec"
434,UNKNOWN,0,No evidence found
453,Techridge. Academic partnerships have driven much of the mid-stage instrumentation development. Interviews with former staff revealed a mix of pride and frustration,95,"prototypes that were later commercialized by small teams. Company filings list Entity_027's headquarters neighborhood as Techridge. Academic partnerships have driven much of the mid-stage instrumentation development. Interviews with former staff revealed a mix of pride and frustration, a common thread across multiple small firms. Company filings list Entity_020's"
200,UNKNOWN,0,No evidence found
167,UNKNOWN,0,No evidence found
246,Sustainability Medal 2021. Many narratives that began as speculative blog posts later found evidence in public records or archived press releases. Academic partnerships have driven much of the mid-stage instrumentation development. Local government grants seeded prototypes that were later commercialized by small teams. A recurring theme among case studies is the tension between rapid rollout and thorough QA,95,"nce reshaped product roadmaps during late-stage pivots. Industry observers note Entity_046 with recent award equal to Sustainability Medal 2021. Many narratives that began as speculative blog posts later found evidence in public records or archived press releases. Academic partnerships have driven much of the mid-stage instrumentation development. Local government grants seeded prototypes that were later commercialized by small teams. A recurring theme among case studies is the tension between rapid rollout and thorough QA, often visible in public filings. Engineers on the ground noted that incrementa"
485,Delta Labs. Academic partnerships have driven much of the mid-stage instrumentation development. In recent years the sector has shifted in ways few predicted,95,"frustration, a common thread across multiple small firms. Company filings list Entity_035's partner organization as Delta Labs. Academic partnerships have driven much of the mid-stage instrumentation development. In recent years the sector has shifted in ways few predicted, blending legacy manufacturing with cloud-native control strategies. According"
252,RivalCorp. Operational consolidation sometimes disguised underlying product diversity. Industry observers note Entity_018 with main competitor equal to RivalCorp. Interviews with former staff revealed a mix of pride and frustration,95,"predicted, blending legacy manufacturing with cloud-native control strategies. Entity_018 reports that its main competitor is RivalCorp. Operational consolidation sometimes disguised underlying product diversity. Industry observers note Entity_018 with main competitor equal to RivalCorp. Interviews with former staff revealed a mix of pride and frustration, a common thread across multiple small firms. Engineers on the ground noted tha"
201,Built with care. Interviews with former staff revealed a mix of pride and frustration,95,"iven much of the mid-stage instrumentation development. Industry observers note Entity_016 with slogan equal to Built with care. Interviews with former staff revealed a mix of pride and frustration, a common thread across multiple small firms. A recurring theme among case stud"
102,2016,95,"iven much of the mid-stage instrumentation development. Industry observers note Entity_012 with product launch year equal to 2016. Engineers on the ground noted that incremental improvements compounded into outsized performance gains over a single fiscal quarter. Interviews with former staff revealed a mix of pride and frustration, a common thread across multiple small firms. Local government grants seeded pr"
381,AUD. Regional hubs provided an uneven distribution of resources,95,", a common thread across multiple small firms. According to archived materials, Entity_033 had default currency listed as AUD. Regional hubs provided an uneven distribution of resources, of</p></article> <article><p>ten favoring coastal centers over inland faciliti"
157,Americas Office. Regional hubs provided an uneven distribution of resources,95,"predicted, blending legacy manufacturing with cloud-native control strategies. Entity_021 is headquartered in Americas Office. Regional hubs provided an uneven distribution of resources, often favoring coastal centers over inland facilities. Engineers on the ground"
425,Precision in motion. Operational consolidation sometimes disguised underlying product diversity. A recurring theme among case studies is the tension between rapid rollout and thorough QA,95,"often favoring coastal centers over inland facilities. Industry observers note Entity_040 with slogan equal to Precision in motion. Operational consolidation sometimes disguised underlying product diversity. A recurring theme among case studies is the tension between rapid rollout and thorough QA, often visible in public filings. Engineers on the ground noted that incrementa"
290,Harvested with care. A recurring theme among case studies is the tension between rapid rollout and thorough QA,95,"that were later commercialized by small teams. According to archived materials, Entity_044 had tagline listed as Harvested with care. A recurring theme among case studies is the tension between rapid rollout and thorough QA, often visible in public filings. Local government grants seeded prototypes tha"
257,Bio-sensor arrays. Interviews with former staff revealed a mix of pride and frustration,95,"acy manufacturing with cloud-native control strategies. Industry observers note Entity_048 with core technology equal to Bio-sensor arrays. Interviews with former staff revealed a mix of pride and frustration, a common thread across multiple small firms. Local government grants seeded pr"
456,Design Award 2019. Operational consolidation sometimes disguised underlying product diversity. Many narratives that began as speculative blog posts later found evidence in public records or archived press releases. Many narratives that began as speculative blog posts later found evidence in public records or archived press releases. A deliberate focus on customer experience reshaped product roadmaps during late-stage pivots. Local government grants seeded prototypes that were later commercialized by small teams. Regional hubs provided an uneven distribution of resources,95,"predicted, blending legacy manufacturing with cloud-native control strategies. Entity_033 is headquartered in Design Award 2019. Operational consolidation sometimes disguised underlying product diversity. Many narratives that began as speculative blog posts later found evidence in public records or archived press releases. Many narratives that began as speculative blog posts later found evidence in public records or archived press releases. A deliberate focus on customer experience reshaped product roadmaps during late-stage pivots. Local government grants seeded prototypes that were later commercialized by small teams. Regional hubs provided an uneven distribution of resources, often favoring coastal centers over inland facilities. Entity_048 is headquart"
406,UNKNOWN,0,No evidence found
300,MetroGrid. Local government grants seeded prototypes that were later commercialized by small teams. In recent years the sector has shifted in ways few predicted,95,"ernment grants seeded prototypes that were later commercialized by small teams. Entity_013 reports that its major client is MetroGrid. Local government grants seeded prototypes that were later commercialized by small teams. In recent years the sector has shifted in ways few predicted, blending legacy manufacturing with cloud-native control strategies. Operationa"
86,UNKNOWN,0,No evidence found
54,UNKNOWN,0,No evidence found
123,UNKNOWN,0,No evidence found
221,Delta Labs. Many narratives that began as speculative blog posts later found evidence in public records or archived press releases. Entity_033 reports that its annual revenue,95,evidence in public records or archived press releases. Industry observers note Entity_033 with partner organization equal to Delta Labs. Many narratives that began as speculative blog posts later found evidence in public records or archived press releases. Entity_033 reports that its annual revenue (usd millions) is 45. Local government grants seeded prototypes that were later
308,UNKNOWN,0,No evidence found
449,UNKNOWN,0,No evidence found
11,2015,95,"nce reshaped product roadmaps during late-stage pivots. Industry observers note Entity_028 with public listing year equal to 2015. Academic partnerships have driven much of the mid-stage instrumentation development. A recurring theme among case studies is the tension between rapid rollout and thorough QA, often visible in public filings. Academic partnerships have driven much of the"
432,UNKNOWN,0,No evidence found
325,UNKNOWN,0,No evidence found
14,Always onward. Local government grants seeded prototypes that were later commercialized by small teams. Academic partnerships have driven much of the mid-stage instrumentation development. Many narratives that began as speculative blog posts later found evidence in public records or archived press releases. A recurring theme among case studies is the tension between rapid rollout and thorough QA,95,"predicted, blending legacy manufacturing with cloud-native control strategies. Entity_020 reports that its slogan is Always onward. Local government grants seeded prototypes that were later commercialized by small teams. Academic partnerships have driven much of the mid-stage instrumentation development. Many narratives that began as speculative blog posts later found evidence in public records or archived press releases. A recurring theme among case studies is the tension between rapid rollout and thorough QA, often visible in public filings. Academic partnerships have driven much of the"
498,2016,95,"ped product roadmaps during late-stage pivots. According to archived materials, Entity_007 had last funding round year listed as 2016. Interviews with former staff revealed a mix of pride and frustration, a common thread across multiple small firms. Operational consolidation sometim"
182,Light EVs. A deliberate focus on customer experience reshaped product roadmaps during late-stage pivots. Regional hubs provided an uneven distribution of resources,95,"ernment grants seeded prototypes that were later commercialized by small teams. Entity_037 reports that its primary market is Light EVs. A deliberate focus on customer experience reshaped product roadmaps during late-stage pivots. Regional hubs provided an uneven distribution of resources, often favoring coastal centers over inland facilities. Operational consolidati"
295,Marroway Co-op. A deliberate focus on customer experience reshaped product roadmaps during late-stage pivots. Many narratives that began as speculative blog posts later found evidence in public records or archived press releases. A deliberate focus on customer experience reshaped product roadmaps during late-stage pivots. In recent years the sector has shifted in ways few predicted,95,"driven much of the mid-stage instrumentation development. Company filings list Entity_011's manufacturing site as Marroway Co-op. A deliberate focus on customer experience reshaped product roadmaps during late-stage pivots. Many narratives that began as speculative blog posts later found evidence in public records or archived press releases. A deliberate focus on customer experience reshaped product roadmaps during late-stage pivots. In recent years the sector has shifted in ways few predicted, blending legacy manufacturing with cloud-native control strategies. A recurrin"
393,UNKNOWN,0,No evidence found
496,North Hallow Plant. Engineers on the ground noted that incremental improvements compounded into outsized performance gains over a single fiscal quarter. Regional hubs provided an uneven distribution of resources,95,"ements compounded into outsized performance gains over a single fiscal quarter. Entity_036 reports that its manufacturing site is North Hallow Plant. Engineers on the ground noted that incremental improvements compounded into outsized performance gains over a single fiscal quarter. Regional hubs provided an uneven distribution of resources, often favoring coastal centers over inland facilities. Regional hubs provided"
21,UNKNOWN,0,No evidence found
323,J. Hale. Regional hubs provided an uneven distribution of resources,95,"ustration, a common thread across multiple small firms. Industry observers note Entity_033 with founder equal to J. Hale. Regional hubs provided an uneven distribution of resources, often favoring coastal centers over inland facilities. A recurring theme among"
423,UNKNOWN,0,No evidence found
337,UNKNOWN,0,No evidence found
288,Stonebridge Facility. Interviews with former staff revealed a mix of pride and frustration,95,"gle fiscal quarter. Ac</p></article> <article><p>cording to archived materials, Entity_012 had manufacturing site listed as Stonebridge Facility. Interviews with former staff revealed a mix of pride and frustration, a common thread across multiple small firms. Regional hubs provided an uneven"
100,UNKNOWN,0,No evidence found
35,IoT mesh. Interviews with former staff revealed a mix of pride and frustration,95,"voring coastal centers over inland facilities. According to archived materials, Entity_029 had core technology listed as IoT mesh. Interviews with former staff revealed a mix of pride and frustration, a common thread across multiple small firms. Local government grants seeded pr"
136,Nimbus Core. In recent years the sector has shifted in ways few predicted,95,"acturing with cloud-native control strategies. According to archived materials, Entity_027 had flagship product listed as Nimbus Core. In recent years the sector has shifted in ways few predicted, blending legacy manufacturing with cloud-native control strategies. Entity_027"
187,UNKNOWN,0,No evidence found
358,LumaSensor. Local government grants seeded prototypes that were later commercialized by small teams. Industry observers note Entity_014 with last funding round year equal to 2017. Engineers on the ground noted that incremental improvements compounded into outsized performance gains over a single fiscal quarter. Local government grants seeded prototypes that were later commercialized by small teams. Regional hubs provided an uneven distribution of resources,95,"mic partnerships have driven much of the mid-stage instrumentation development. Entity_004 reports that its flagship product is LumaSensor. Local government grants seeded prototypes that were later commercialized by small teams. Industry observers note Entity_014 with last funding round year equal to 2017. Engineers on the ground noted that incremental improvements compounded into outsized performance gains over a single fiscal quarter. Local government grants seeded prototypes that were later commercialized by small teams. Regional hubs provided an uneven distribution of resources, often favoring coastal centers over inland facilities. A deliberate focus on c"
207,UNKNOWN,0,No evidence found
144,UNKNOWN,0,No evidence found
399,UNKNOWN,0,No evidence found
460,Sector 7 Research Park. Many narratives that began as speculative blog posts later found evidence in public records or archived press releases. A deliberate focus on customer experience reshaped product roadmaps during late-stage pivots. Many narratives that began as speculative blog posts later found evidence in public records or archived press releases. Regional hubs provided an uneven distribution of resources,95,"llout and thorough QA, often visible in public filings. Industry observers note Entity_009 with research lab location equal to Sector 7 Research Park. Many narratives that began as speculative blog posts later found evidence in public records or archived press releases. A deliberate focus on customer experience reshaped product roadmaps during late-stage pivots. Many narratives that began as speculative blog posts later found evidence in public records or archived press releases. Regional hubs provided an uneven distribution of resources, often favoring coastal centers over inland facilities. In recent years the sec"
419,UNKNOWN,0,No evidence found
175,UNKNOWN,0,No evidence found
467,UNKNOWN,0,No evidence found
475,UNKNOWN,0,No evidence found
122,Tomorrow,95,"e blog posts later found evidence in public records or archived press releases. Entity_044 reports that its slogan is Tomorrow, today. A deliberate focus on customer experience reshaped product roadmaps dur"
138,UNKNOWN,0,No evidence found
48,UNKNOWN,0,No evidence found
256,MetroGrid. Local government grants seeded prototypes that were later commercialized by small teams. Entity_003 reports that its partner organization is Northbridge Partners. Regional hubs provided an uneven distribution of resources,95,"e blog posts later found evidence in public records or archived press releases. Entity_033 reports that its major client is MetroGrid. Local government grants seeded prototypes that were later commercialized by small teams. Entity_003 reports that its partner organization is Northbridge Partners. Regional hubs provided an uneven distribution of resources, often favoring coastal centers over inland facilities. Academic partnerships h"
351,UNKNOWN,0,No evidence found
39,Harbor View. Many narratives that began as speculative blog posts later found evidence in public records or archived press releases. Operational consolidation sometimes disguised underlying product diversity. Operational consolidation sometimes disguised underlying product diversity. Local government grants seeded prototypes that were later commercialized by small teams. Engineers on the ground noted that incremental improvements compounded into outsized performance gains over a single fiscal quarter. Regional hubs provided an uneven distribution of resources,95,"und evidence in public records or archived press releases. Company filings list Entity_021's headquarters neighborhood as Harbor View. Many narratives that began as speculative blog posts later found evidence in public records or archived press releases. Operational consolidation sometimes disguised underlying product diversity. Operational consolidation sometimes disguised underlying product diversity. Local government grants seeded prototypes that were later commercialized by small teams. Engineers on the ground noted that incremental improvements compounded into outsized performance gains over a single fiscal quarter. Regional hubs provided an uneven distribution of resources, often favoring coastal centers over inland facilities. In recent years the sec"
105,UNKNOWN,0,No evidence found
107,UNKNOWN,0,No evidence found
285,UNKNOWN,0,No evidence found
135,UNKNOWN,0,No evidence found
98,UNKNOWN,0,No evidence found
435,UNKNOWN,0,No evidence found
469,Bio-sensor arrays. A recurring theme among case studies is the tension between rapid rollout and thorough QA,95,", a common thread across multiple small firms. According to archived materials, Entity_047 had core technology listed as Bio-sensor arrays. A recurring theme among case studies is the tension between rapid rollout and thorough QA, often visible in public filings. A recurring theme among case studies is the t"
89,UNKNOWN,0,No evidence found
403,UNKNOWN,0,No evidence found
261,Dr. Brax. Engineers on the ground noted that incremental improvements compounded into outsized performance gains over a single fiscal quarter. Company filings list Entity_040's last funding round year as 2021. Academic partnerships have driven much of the mid-stage instrumentation development. Local government grants seeded prototypes that were later commercialized by small teams. Local government grants seeded prototypes that were later commercialized by small teams. A recurring theme among case studies is the tension between rapid rollout and thorough QA,95,"predicted, blending legacy manufacturing with cloud-native control strategies. Entity_029 reports that its founder is Dr. Brax. Engineers on the ground noted that incremental improvements compounded into outsized performance gains over a single fiscal quarter. Company filings list Entity_040's last funding round year as 2021. Academic partnerships have driven much of the mid-stage instrumentation development. Local government grants seeded prototypes that were later commercialized by small teams. Local government grants seeded prototypes that were later commercialized by small teams. A recurring theme among case studies is the tension between rapid rollout and thorough QA, often visible in public filings. Operational consolidation sometimes disguised"
220,UNKNOWN,0,No evidence found
110,North Ridge Labs. Interviews with former staff revealed a mix of pride and frustration,95,"ements compounded into outsized performance gains over a single fiscal quarter. Entity_048 reports that its research lab location is North Ridge Labs. Interviews with former staff revealed a mix of pride and frustration, a common thread across multiple small firms. In recent years the sector has sh"
174,Calder Point Works. Interviews with former staff revealed a mix of pride and frustration,95,"ernment grants seeded prototypes that were later commercialized by small teams. Entity_020 is headquartered in Calder Point Works. Interviews with former staff revealed a mix of pride and frustration, a common thread across multiple small firms. A recurring theme among case stud"
161,UNKNOWN,0,No evidence found
397,University of Vesta. Engineers on the ground noted that incremental improvements compounded into outsized performance gains over a single fiscal quarter. A recurring theme among case studies is the tension between rapid rollout and thorough QA,95,"ed a mix of pride and frustration, a common thread across multiple small firms. Entity_049 reports that its partner organization is University of Vesta. Engineers on the ground noted that incremental improvements compounded into outsized performance gains over a single fiscal quarter. A recurring theme among case studies is the tension between rapid rollout and thorough QA, often visible in public filings. In recent years the sector has shifted in way"
356,GBP. Interviews with former staff revealed a mix of pride and frustration,95,"ocus on customer experience reshaped product roadmaps during late-stage pivots. Entity_020 reports that its default currency is GBP. Interviews with former staff revealed a mix of pride and frustration, a common thread across multiple small firms. Engineers on the ground noted th<"
357,Calder Point Works. A deliberate focus on customer experience reshaped product roadmaps during late-stage pivots. Engineers on the ground noted that incremental improvements compounded into outsized performance gains over a single fiscal quarter. A deliberate focus on customer experience reshaped product roadmaps during late-stage pivots. A deliberate focus on customer experience reshaped product roadmaps during late-stage pivots. Operational consolidation sometimes disguised underlying product diversity. Interviews with former staff revealed a mix of pride and frustration,95,"ed a mix of pride and frustration, a common thread across multiple small firms. Entity_005 reports that its manufacturing site is Calder Point Works. A deliberate focus on customer experience reshaped product roadmaps during late-stage pivots. Engineers on the ground noted that incremental improvements compounded into outsized performance gains over a single fiscal quarter. A deliberate focus on customer experience reshaped product roadmaps during late-stage pivots. A deliberate focus on customer experience reshaped product roadmaps during late-stage pivots. Operational consolidation sometimes disguised underlying product diversity. Interviews with former staff revealed a mix of pride and frustration, a common thread across multiple small firms. A deliberate focus on customer ex"
143,480. Local government grants seeded prototypes that were later commercialized by small teams. A recurring theme among case studies is the tension between rapid rollout and thorough QA,95,"ernment grants seeded prototypes that were later commercialized by small teams. Entity_034 is headquartered in 480. Local government grants seeded prototypes that were later commercialized by small teams. A recurring theme among case studies is the tension between rapid rollout and thorough QA, often visible in public filings. In recent years the sector has shifted in way"
16,Industrial sensors. Many narratives that began as speculative blog posts later found evidence in public records or archived press releases. Academic partnerships have driven much of the mid-stage instrumentation development. Interviews with former staff revealed a mix of pride and frustration,95,"e blog posts later found evidence in public records or archived press releases. Entity_022 is headquartered in Industrial sensors. Many narratives that began as speculative blog posts later found evidence in public records or archived press releases. Academic partnerships have driven much of the mid-stage instrumentation development. Interviews with former staff revealed a mix of pride and frustration, a common thread across multiple small firms. Many narratives that began as spe"
484,UNKNOWN,0,No evidence found
324,UNKNOWN,0,No evidence found
318,UNKNOWN,0,No evidence found
57,NextGen Systems. A deliberate focus on customer experience reshaped product roadmaps during late-stage pivots. Operational consolidation sometimes disguised underlying product diversity. A recurring theme among case studies is the tension between rapid rollout and thorough QA,95,"acy manufacturing with cloud-native control strategies. Industry observers note Entity_037 with main competitor equal to NextGen Systems. A deliberate focus on customer experience reshaped product roadmaps during late-stage pivots. Operational consolidation sometimes disguised underlying product diversity. A recurring theme among case studies is the tension between rapid rollout and thorough QA, often visible in public filings. In recent years the sector has shifted in way"
376,UNKNOWN,0,No evidence found
248,support@entity_029.example. Local government grants seeded prototypes that were later commercialized by small teams. Interviews with former staff revealed a mix of pride and frustration,95,"ustration, a common thread across multiple small firms. Industry observers note Entity_029 with support email equal to support@entity_029.example. Local government grants seeded prototypes that were later commercialized by small teams. Interviews with former staff revealed a mix of pride and frustration, a common thread across multiple small firms. In recent years the sector has sh"
37,UNKNOWN,0,No evidence found
78,Industrial sensors. Many narratives that began as speculative blog posts later found evidence in public records or archived press releases. Academic partnerships have driven much of the mid-stage instrumentation development. Interviews with former staff revealed a mix of pride and frustration,95,"e blog posts later found evidence in public records or archived press releases. Entity_022 is headquartered in Industrial sensors. Many narratives that began as speculative blog posts later found evidence in public records or archived press releases. Academic partnerships have driven much of the mid-stage instrumentation development. Interviews with former staff revealed a mix of pride and frustration, a common thread across multiple small firms. Many narratives that began as spe"
273,UNKNOWN,0,No evidence found
83,Data for better decisions. Local government grants seeded prototypes that were later commercialized by small teams. In recent years the sector has shifted in ways few predicted,95,"stribution of resources, often favoring coastal centers over inland facilities. Entity_010 reports that its tagline is Data for better decisions. Local government grants seeded prototypes that were later commercialized by small teams. In recent years the sector has shifted in ways few predicted, blending legacy manufacturing with cloud-native control strategies. Engineers"
232,University of Vesta. Interviews with former staff revealed a mix of pride and frustration,95,"nce reshaped product roadmaps during late-stage pivots. Industry observers note Entity_029 with partner organization equal to University of Vesta. Interviews with former staff revealed a mix of pride and frustration, a common thread across multiple small firms. Interviews with former staff reve"
198,Jae Vale. Many narratives that began as speculative blog posts later found evidence in public records or archived press releases. Regional hubs provided an uneven distribution of resources,95,"ty. Operational consolidation sometimes disguised underlying product diversity. Entity_048 reports that its ceo is Jae Vale. Many narratives that began as speculative blog posts later found evidence in public records or archived press releases. Regional hubs provided an uneven distribution of resources, often favoring coastal centers over inland facilities. Academic partnerships h"
348,UNKNOWN,0,No evidence found
211,North Hallow Plant. A deliberate focus on customer experience reshaped product roadmaps during late-stage pivots. A deliberate focus on customer experience reshaped product roadmaps during late-stage pivots. According to archived materials,95,"acturing with cloud-native control strategies. According to archived materials, Entity_030 had manufacturing site listed as North Hallow Plant. A deliberate focus on customer experience reshaped product roadmaps during late-stage pivots. A deliberate focus on customer experience reshaped product roadmaps during late-stage pivots. According to archived materials, Entity_013 had headquarters listed as Calder Point. A recurring theme among ca"
366,RivalCorp. Engineers on the ground noted that incremental improvements compounded into outsized performance gains over a single fiscal quarter. Interviews with former staff revealed a mix of pride and frustration,95,"ocus on customer experience reshaped product roadmaps during late-stage pivots. Entity_009 is headquartered in RivalCorp. Engineers on the ground noted that incremental improvements compounded into outsized performance gains over a single fiscal quarter. Interviews with former staff revealed a mix of pride and frustration, a common thread across multiple small firms. Academic partnerships have driven"
470,UNKNOWN,0,No evidence found
188,UNKNOWN,0,No evidence found
479,UNKNOWN,0,No evidence found
223,UNKNOWN,0,No evidence found
75,UNKNOWN,0,No evidence found
129,UNKNOWN,0,No evidence found
339,UNKNOWN,0,No evidence found
15,UNKNOWN,0,No evidence found
199,OrbitX. Regional hubs provided an uneven distribution of resources,95,"ototypes that were later commercialized by small teams. Industry observers note Entity_023 with major client equal to OrbitX. Regional hubs provided an uneven distribution of resources, often favoring coastal centers over inland facilities. In recent years the sec"
408,Westmere,95,nce reshaped product roadmaps during late-stage pivots. Industry observers note Entity_040 with headquarters equal to Westmere.</p></article> <article><p>Academic partnerships have driven much of the mid-sta
56,UNKNOWN,0,No evidence found
139,UNKNOWN,0,No evidence found
319,UNKNOWN,0,No evidence found
353,UNKNOWN,0,No evidence found
472,UNKNOWN,0,No evidence found
321,Mina Voss. Local government grants seeded prototypes that were later commercialized by small teams. In recent years the sector has shifted in ways few predicted,95,"tension between rapid rollout and thorough QA, often visible in public filings. Entity_012 is headquartered in Mina Voss. Local government grants seeded prototypes that were later commercialized by small teams. In recent years the sector has shifted in ways few predicted, blending legacy manufacturing with cloud-native control strategies. Regional h"
190,UNKNOWN,0,No evidence found
63,North Hallow Plant. A deliberate focus on customer experience reshaped product roadmaps during late-stage pivots. Many narratives that began as speculative blog posts later found evidence in public records or archived press releases. A deliberate focus on customer experience reshaped product roadmaps during late-stage pivots. Entity_009 is headquartered in Sector 7 Research Park. Local government grants seeded prototypes that were later commercialized by small teams. Engineers on the ground noted that incremental improvements compounded into outsized performance gains over a single fiscal quarter. Many narratives that began as speculative blog posts later found evidence in public records or archived press releases. Entity_036 reports that its support email is support@entity_036.example. Interviews with former staff revealed a mix of pride and frustration,95,"acturing with cloud-native control strategies. According to archived materials, Entity_022 had manufacturing site listed as North Hallow Plant. A deliberate focus on customer experience reshaped product roadmaps during late-stage pivots. Many narratives that began as speculative blog posts later found evidence in public records or archived press releases. A deliberate focus on customer experience reshaped product roadmaps during late-stage pivots. Entity_009 is headquartered in Sector 7 Research Park. Local government grants seeded prototypes that were later commercialized by small teams. Engineers on the ground noted that incremental improvements compounded into outsized performance gains over a single fiscal quarter. Many narratives that began as speculative blog posts later found evidence in public records or archived press releases. Entity_036 reports that its support email is support@entity_036.example. Interviews with former staff revealed a mix of pride and frustration, a common thread across multiple small firms. Academic partnerships have driven"
13,UNKNOWN,0,No evidence found
224,BluePeak. A recurring theme among case studies is the tension between rapid rollout and thorough QA,95,"mic partnerships have driven much of the mid-stage instrumentation development. Entity_049 reports that its main competitor is BluePeak. A recurring theme among case studies is the tension between rapid rollout and thorough QA, often visible in public filings. Operational consolidation sometimes disguised"
181,UNKNOWN,0,No evidence found
411,3,95,"predicted, blending legacy manufacturing with cloud-native control strategies. Entity_022 reports that its number of offices is 3. Operational consolidation sometimes disguised underlying product diversity. Local government grants seeded prototypes that were later commercialized by small teams. Engineers on the ground noted that incremental improvements compounded into outsized performance gains over a single fiscal quarter. Company filings list Entity_037's headquarters as Calder Point. Academic partnerships have driven much of the mid-stage instrumentation development. Local government grants seeded prototypes that were later commercialized by small teams. In recent years the sector has shifted in ways few predicted, blending legacy manufacturing with cloud-native control strategies. Interviews"
154,UNKNOWN,0,No evidence found
430,UNKNOWN,0,No evidence found
250,UNKNOWN,0,No evidence found
266,J. Rell. Operational consolidation sometimes disguised underlying product diversity. Many narratives that began as speculative blog posts later found evidence in public records or archived press releases. Interviews with former staff revealed a mix of pride and frustration,95,"frustration, a common thread across multiple small firms. Company filings list Entity_037's founder as J. Rell. Operational consolidation sometimes disguised underlying product diversity. Many narratives that began as speculative blog posts later found evidence in public records or archived press releases. Interviews with former staff revealed a mix of pride and frustration, a common thread across multiple small firms. A recurring theme among case stud"
500,Digital health. Academic partnerships have driven much of the mid-stage instrumentation development. Local government grants seeded prototypes that were later commercialized by small teams. Regional hubs provided an uneven distribution of resources,95,"mic partnerships have driven much of the mid-stage instrumentation development. Entity_016 reports that its primary market is Digital health. Academic partnerships have driven much of the mid-stage instrumentation development. Local government grants seeded prototypes that were later commercialized by small teams. Regional hubs provided an uneven distribution of resources, often favoring coastal centers over inland facilities. Academic partnerships h"
18,UNKNOWN,0,No evidence found
53,2008,95,"llout and thorough QA, often visible in public filings. Industry observers note Entity_030 with public listing year equal to 2008. Interviews with former staff revealed a mix of pride and frustration, a common thread across multiple small firms. Interviews with former staff reve"
62,MetroGrid. Academic partnerships have driven much of the mid-stage instrumentation development. Engineers on the ground noted that incremental improvements compounded into outsized performance gains over a single fiscal quarter. Interviews with former staff revealed a mix of pride and frustration,95,"tension between rapid rollout and thorough QA, often visible in public filings. Entity_007 reports that its major client is MetroGrid. Academic partnerships have driven much of the mid-stage instrumentation development. Engineers on the ground noted that incremental improvements compounded into outsized performance gains over a single fiscal quarter. Interviews with former staff revealed a mix of pride and frustration, a common thread across multiple small firms. Operational consolidation sometim"
440,UNKNOWN,0,No evidence found
228,120,95,"rollout and thorough QA, often visible in public filings. Company filings list Entity_022's employee count (approx) as 120. Engineers</p></article> <article><p>on the ground noted that incremental improvements com"
320,2015,95,"iven much of the mid-stage instrumentation development. Industry observers note Entity_041 with public listing year equal to 2015. Operational consolidation sometimes disguised underlying product diversity. Engineers on the ground noted that incremental improvements compounded into outsized performance gains over a single fiscal quarter. Operational consolidation sometimes disguised underlying product diversity. Regional hubs provided an uneven distribution of resources, often favoring coastal centers over inland facilities. Interviews with former"
255,UNKNOWN,0,No evidence found
386,UNKNOWN,0,No evidence found
302,UNKNOWN,0,No evidence found
108,North Ridge Labs. Operational consolidation sometimes disguised underlying product diversity. Local government grants seeded prototypes that were later commercialized by small teams. Regional hubs provided an uneven distribution of resources,95,"of the mid-stage instrumentation development. According to archived materials, Entity_007 had research lab location listed as North Ridge Labs. Operational consolidation sometimes disguised underlying product diversity. Local government grants seeded prototypes that were later commercialized by small teams. Regional hubs provided an uneven distribution of resources, often favoring coastal centers over inland facilities. A recurring theme among"
421,Sector 7 Research Park. Interviews with former staff revealed a mix of pride and frustration,95,"acy manufacturing with cloud-native control strategies. Industry observers note Entity_039 with research lab location equal to Sector 7 Research Park. Interviews with former staff revealed a mix of pride and frustration, a common thread across multiple small firms. A recurring theme among case stud"
365,Northbridge Partners. Local government grants seeded prototypes that were later commercialized by small teams. Industry observers note Entity_006 with default currency equal to EUR. Many narratives that began as speculative blog posts later found evidence in public records or archived press releases. Local government grants seeded prototypes that were later commercialized by small teams. In recent years the sector has shifted in ways few predicted,95,"und evidence in public records or archived press releases. Company filings list Entity_023's partner organization as Northbridge Partners. Local government grants seeded prototypes that were later commercialized by small teams. Industry observers note Entity_006 with default currency equal to EUR. Many narratives that began as speculative blog posts later found evidence in public records or archived press releases. Local government grants seeded prototypes that were later commercialized by small teams. In recent years the sector has shifted in ways few predicted, blending legacy manufacturing with cloud-native control strategies. Local gove"
9,Innovation Prize 2022. Regional hubs provided an uneven distribution of resources,95,"ernment grants seeded prototypes that were later commercialized by small teams. Entity_006 reports that its recent award is Innovation Prize 2022. Regional hubs provided an uneven distribution of resources, often favori</p></article> <article><p>ng coastal centers over inland faciliti"
312,UNKNOWN,0,No evidence found
280,UNKNOWN,0,No evidence found
462,UNKNOWN,0,No evidence found
225,UNKNOWN,0,No evidence found
426,2008,95,"evidence in public records or archived press releases. Industry observers note Entity_020 with public listing year equal to 2008. A recurring theme among case studies is the tension between rapid rollout and thorough QA, often visible in public filings. A deliberate focus on customer experience res"
97,2004,95,"rol strategies. Entity_009 reports that its</p></article> <article><h2>Profile: Entity_034</h2> <p>founded year is 2004. Regional hubs provided an uneven distribution of resources, often favoring coastal centers over inland facilities. Operational consolidati"
142,Calder Point Works. A deliberate focus on customer experience reshaped product roadmaps during late-stage pivots. Operational consolidation sometimes disguised underlying product diversity. Regional hubs provided an uneven distribution of resources,95,"that were later commercialized by small teams. According to archived materials, Entity_007 had manufacturing site listed as Calder Point Works. A deliberate focus on customer experience reshaped product roadmaps during late-stage pivots. Operational consolidation sometimes disguised underlying product diversity. Regional hubs provided an uneven distribution of resources, often favoring coastal centers over inland facilities. In recent years the sec"
80,12,95,"rience reshaped product roadmaps during late-stage pivots. Company filings list Entity_025's annual revenue (usd millions) as 12. Many narratives that began as speculative blog posts later found evidence in public records or archived press releases. Academic partnerships have driven much of the mid-stage instrumentation development. Operational consolidation sometimes disguised underlying product diversity. Regional hubs provided an uneven distribution of resources, often favoring coastal centers over inland facilities. Many narratives that be"
178,South Harbor Annex. Operational consolidation sometimes disguised underlying product diversity. Operational consolidation sometimes disguised underlying product diversity. Engineers on the ground noted that incremental improvements compounded into outsized performance gains over a single fiscal quarter. A deliberate focus on customer experience reshaped product roadmaps during late-stage pivots. Many narratives that began as speculative blog posts later found evidence in public records or archived press releases. Local government grants seeded prototypes that were later commercialized by small teams. A recurring theme among case studies is the tension between rapid rollout and thorough QA,95,"ernment grants seeded prototypes that were later commercialized by small teams. Entity_005 is headquartered in South Harbor Annex. Operational consolidation sometimes disguised underlying product diversity. Operational consolidation sometimes disguised underlying product diversity. Engineers on the ground noted that incremental improvements compounded into outsized performance gains over a single fiscal quarter. A deliberate focus on customer experience reshaped product roadmaps during late-stage pivots. Many narratives that began as speculative blog posts later found evidence in public records or archived press releases. Local government grants seeded prototypes that were later commercialized by small teams. A recurring theme among case studies is the tension between rapid rollout and thorough QA, often visible in public filings. Interviews with for</p></article> <article><h"
236,UNKNOWN,0,No evidence found
340,Precision in motion. Operational consolidation sometimes disguised underlying product diversity. A recurring theme among case studies is the tension between rapid rollout and thorough QA,95,"often favoring coastal centers over inland facilities. Industry observers note Entity_040 with slogan equal to Precision in motion. Operational consolidation sometimes disguised underlying product diversity. A recurring theme among case studies is the tension between rapid rollout and thorough QA, often visible in public filings. Engineers on the ground noted that incrementa"
118,OrbitX. Many narratives that began as speculative blog posts later found evidence in public records or archived press releases. Entity_023 is headquartered in Always onward. Operational consolidation sometimes disguised underlying product diversity. Company filings list Entity_023's employee count,95,e blog posts later found evidence in public records or archived press releases. Entity_040 reports that its major client is OrbitX. Many narratives that began as speculative blog posts later found evidence in public records or archived press releases. Entity_023 is headquartered in Always onward. Operational consolidation sometimes disguised underlying product diversity. Company filings list Entity_023's employee count (approx) as 120. Academic partnerships have driven much of the mid-stage instrum
195,UNKNOWN,0,No evidence found
218,OrbitX. Many narratives that began as speculative blog posts later found evidence in public records or archived press releases. Operational consolidation sometimes disguised underlying product diversity. Operational consolidation sometimes disguised underlying product diversity. Local government grants seeded prototypes that were later commercialized by small teams. Academic partnerships have driven much of the mid-stage instrumentation development. Regional hubs provided an uneven distribution of resources,95,"mic partnerships have driven much of the mid-stage instrumentation development. Entity_003 reports that its major client is OrbitX. Many narratives that began as speculative blog posts later found evidence in public records or archived press releases. Operational consolidation sometimes disguised underlying product diversity. Operational consolidation sometimes disguised underlying product diversity. Local government grants seeded prototypes that were later commercialized by small teams. Academic partnerships have driven much of the mid-stage instrumentation development. Regional hubs provided an uneven distribution of resources, often favoring coastal center</p></article> </body></html>"
238,UNKNOWN,0,No evidence found
439,BluePeak. Operational consolidation sometimes disguised underlying product diversity. A deliberate focus on customer experience reshaped product roadmaps during late-stage pivots. Interviews with former staff revealed a mix of pride and frustration,95,"in public records or archived press releases. According to archived materials, Entity_017 had main competitor listed as BluePeak. Operational consolidation sometimes disguised underlying product diversity. A deliberate focus on customer experience reshaped product roadmaps during late-stage pivots. Interviews with former staff revealed a mix of pride and frustration, a common thread across multiple small firms. A recurring theme among case stud"
301,Industrial sensors. Local government grants seeded prototypes that were later commercialized by small teams. Many narratives that began as speculative blog posts later found evidence in public records or archived press releases. Engineers on the ground noted that incremental improvements compounded into outsized performance gains over a single fiscal quarter. Academic partnerships have driven much of the mid-stage instrumentation development. Entity_020 is headquartered in 2006. In recent years the sector has shifted in ways few predicted,95,"llout and thorough QA, often visible in public filings. Industry observers note Entity_009 with primary market equal to Industrial sensors. Local government grants seeded prototypes that were later commercialized by small teams. Many narratives that began as speculative blog posts later found evidence in public records or archived press releases. Engineers on the ground noted that incremental improvements compounded into outsized performance gains over a single fiscal quarter. Academic partnerships have driven much of the mid-stage instrumentation development. Entity_020 is headquartered in 2006. In recent years the sector has shifted in ways few predicted, blending legacy manufacturing with cloud-native control strategies. Regional h"
298,UNKNOWN,0,No evidence found
115,UNKNOWN,0,No evidence found
66,UNKNOWN,0,No evidence found
202,UNKNOWN,0,No evidence found
92,BluePeak. Regional hubs provided an uneven distribution of resources,95,"ernment grants seeded prototypes that were later commercialized by small teams. Entity_025 reports that its main competitor is BluePeak. Regional hubs provided an uneven distribution of resources, often favoring coastal centers over inland facilities. Local government grants"
359,UNKNOWN,0,No evidence found
179,2021,95,"rollout and thorough QA, often visible in public filings. Company filings list Entity_032's last funding round year as 2021. Engineers on the ground noted that incremental improvements compounded into outsized performance gains over a single fiscal quarter. A recurring theme among case studies is the tension between rapid rollout and thorough QA, often visible in public filings. In recent years the sector has shifted in way"
364,Precision in motion. Local government grants seeded prototypes that were later commercialized by small teams. Many narratives that began as speculative blog posts later found evidence in public records or archived press releases. Operational consolidation sometimes disguised underlying product diversity. Interviews with former staff revealed a mix of pride and frustration,95,"mic partnerships have driven much of the mid-stage instrumentation development. Entity_021 reports that its slogan is Precision in motion. Local government grants seeded prototypes that were later commercialized by small teams. Many narratives that began as speculative blog posts later found evidence in public records or archived press releases. Operational consolidation sometimes disguised underlying product diversity. Interviews with former staff revealed a mix of pride and frustration, a common thread across multiple small firms. Loca</p></article> </body></html>"
338,UNKNOWN,0,No evidence found
193,UNKNOWN,0,No evidence found
194,UNKNOWN,0,No evidence found
230,UNKNOWN,0,No evidence found
196,UNKNOWN,0,No evidence found
347,Stonebridge. In recent years the sector has shifted in ways few predicted,95,"ocus on customer experience reshaped product roadmaps during late-stage pivots. Entity_014 is headquartered in Stonebridge. In recent years the sector has shifted in ways few predicted, blending legacy manufacturing with cloud-native control strategies. A recurrin"
216,UNKNOWN,0,No evidence found
70,support@entity_011.example. Regional hubs provided an uneven distribution of resources,95,"llout and thorough QA, often visible in public filings. Industry observers note Entity_011 with support email equal to support@entity_011.example. Regional hubs provided an uneven distribution of resources, often favoring coastal centers over inland facilities. A deliberate focus on c"
93,UNKNOWN,0,No evidence found
210,IoT mesh. Engineers on the ground noted that incremental improvements compounded into outsized performance gains over a single fiscal quarter. In recent years the sector has shifted in ways few predicted,95,"ation sometimes disguised underlying product diversity. Industry observers note Entity_050 with core technology equal to IoT mesh. Engineers on the ground noted that incremental improvements compounded into outsized performance gains over a single fiscal quarter. In recent years the sector has shifted in ways few predicted, blending legacy manufacturing with cloud-native control strategies. Many narra"
468,Tomorrow,95,"ocus on customer experience reshaped product roadmaps during late-stage pivots. Entity_044 is headquartered in Tomorrow, today. A recurring theme among case studies is the tension between rapid rollo"
17,2017,95,"inland fa</p></article> <article><p>cilities. According to archived materials, Entity_011 had founded year listed as 2017. Operational consolidation sometimes disguised underlying product diversity. Academic partnerships have driven much of the mid-stage instrumentation development. Local government grants seeded prototypes that were later commercialized by small teams. Engineers on the ground noted that incremental improvements compounded into outsized performance gains over a single fiscal quarter. Many narratives that began as speculative blog posts later found evidence in public records or archived press releases. In recent years the sector has shifted in ways few predicted, blending legacy manufacturing with cloud-native control strategies. A recurrin"
344,UNKNOWN,0,No evidence found
36,NextGen Systems. A deliberate focus on customer experience reshaped product roadmaps during late-stage pivots. Operational consolidation sometimes disguised underlying product diversity. A recurring theme among case studies is the tension between rapid rollout and thorough QA,95,"acy manufacturing with cloud-native control strategies. Industry observers note Entity_037 with main competitor equal to NextGen Systems. A deliberate focus on customer experience reshaped product roadmaps during late-stage pivots. Operational consolidation sometimes disguised underlying product diversity. A recurring theme among case studies is the tension between rapid rollout and thorough QA, often visible in public filings. In recent years the sector has shifted in way"
466,UNKNOWN,0,No evidence found
278,UNKNOWN,0,No evidence found
33,2020,95,"utsized performance gains over a single fiscal quarter. Industry observers note Entity_049 with public listing year equal to 2020. In recent years the sector has shifted in ways few predicted, blending legacy manufacturing with cloud-native control strategies. In recent"
177,AUD. Interviews with former staff revealed a mix of pride and frustration,95,"e blog posts later found evidence in public records or archived press releases. Entity_040 reports that its default currency is AUD. Interviews with former staff revealed a mix of pride and frustration, a common thread across multi</p></article> <article><p>ple small firms. Operat"
217,2008,95,"nce reshaped product roadmaps during late-stage pivots. Industry observers note Entity_019 with product launch year equal to 2008. Operational consolidation sometimes disguised underlying product diversity. Local government grants seeded prototypes that were later commercialized by small teams. Entity_046 reports that its founder is Dr. Brax. Operational consolidation sometimes disguised underlying product diversity. Company filings list Entity_047's number of offices as 8. Regional hubs provided an uneven distribution of resources, often favoring coastal centers over inland facilities. Academic partnerships h"
24,Agri-food. Interviews with former staff revealed a mix of pride and frustration,95,"iven much of the mid-stage instrumentation development. Industry observers note Entity_010 with primary market equal to Agri-food. Interviews with former staff revealed a mix of pride and frustration, a common thread across multiple small firms. In recent years the sector has sh"
38,RivalCorp. Interviews with former staff revealed a mix of pride and frustration,95,"ustration, a common thread across multiple small firms. Industry observers note Entity_021 with main competitor equal to RivalCorp. Interviews with former staff revealed a mix of pride and frustration, a common thread across multiple small firms. Interviews with former staff reve"
370,Calder Point. A recurring theme among case studies is the tension between rapid rollout and thorough QA,95,"iven much of the mid-stage instrumentation development. Industry observers note Entity_030 with headquarters equal to Calder Point. A recurring theme among case studies is the tension between rapid rollout and thorough QA, often visible in public filings. Academic partnerships have driven much of the"
2,UNKNOWN,0,No evidence found
131,2012,95,"iven much of the mid-stage instrumentation development. Industry observers note Entity_044 with public listing year equal to 2012. Many narratives that began as speculative blog posts later found evidence in public records or archived press releases. Entity_016 reports that its founder is J. Rell. Engineers on the ground noted that incremental improvements compounded into outsized performance gains over a single fiscal quarter. Company filings list Entity_050's tagline as Harvested with care. Academic partnerships have driven much of the mid-stage instrumentation development. Local government grants seeded prototypes that were later commercialized by small teams. Local government grants seeded prototypes that were later commercialized by small teams. Academic partnerships have driven much of the mid-stage instrumentation development. Local government grants seeded prototypes that were later commercialized by small teams. Interviews with former staff revealed a mix of pride and frustration, a common thread across multiple small firms. Interviews with former staff reve"
203,Verdant OS. A recurring theme among case studies is the tension between rapid rollout and thorough QA,95,"predicted, blending legacy manufacturing with cloud-native control strategies. Entity_007 is headquartered in Verdant OS. A recurring theme among case studies is the tension between rapid rollout and thorough QA, often visible in public filings. Local government grants seeded prototypes tha"
12,UNKNOWN,0,No evidence found
367,UNKNOWN,0,No evidence found
237,UNKNOWN,0,No evidence found
287,GBP. Local government grants seeded prototypes that were later commercialized by small teams. A deliberate focus on customer experience reshaped product roadmaps during late-stage pivots. Industry observers note Entity_045 with employee count,95,legacy manufacturing with cloud-native control strategies. Company filings list Entity_005's default currency as GBP. Local government grants seeded prototypes that were later commercialized by small teams. A deliberate focus on customer experience reshaped product roadmaps during late-stage pivots. Industry observers note Entity_045 with employee count (approx) equal to 230. Academic partnerships have driven much of the mid-stage i
30,UNKNOWN,0,No evidence found
417,UNKNOWN,0,No evidence found
234,UNKNOWN,0,No evidence found
407,UNKNOWN,0,No evidence found
263,Nimbus Core. Many narratives that began as speculative blog posts later found evidence in public records or archived press releases. Entity_016 reports that its annual revenue,95,mic partnerships have driven much of the mid-stage instrumentation development. Entity_016 is headquartered in Nimbus Core. Many narratives that began as speculative blog posts later found evidence in public records or archived press releases. Entity_016 reports that its annual revenue (usd millions) is 1500. Engineers on the ground noted that incremental improveme
68,Sector 7 Research Park. Regional hubs provided an uneven distribution of resources,95,"voring coastal centers over inland facilities. According to archived materials, Entity_029 had research lab location listed as Sector 7 Research Park. Regional hubs provided an uneven distribution of resources, often favoring coastal centers over inland facilities. In recent years the sec"
486,UNKNOWN,0,No evidence found
29,BluePeak. A recurring theme among case studies is the tension between rapid rollout and thorough QA,95,"mic partnerships have driven much of the mid-stage instrumentation development. Entity_049 reports that its main competitor is BluePeak. A recurring theme among case studies is the tension between rapid rollout and thorough QA, often visible in public filings. Operational consolidation sometimes disguised"
336,UNKNOWN,0,No evidence found
262,2004,95,"predicted, blending legacy manufacturing with cloud-native control strategies. Entity_009 reports that its</p></article> <article><h2>Profile: Entity_034</h2> <p>founded year is 2004. Regional hubs provided an uneven distribution of resources, often favoring coastal centers over inland facilities. Operational consolidati"
47,Dr. Brax. Engineers on the ground noted that incremental improvements compounded into outsized performance gains over a single fiscal quarter. Company filings list Entity_040's last funding round year as 2021. Academic partnerships have driven much of the mid-stage instrumentation development. Local government grants seeded prototypes that were later commercialized by small teams. Local government grants seeded prototypes that were later commercialized by small teams. A recurring theme among case studies is the tension between rapid rollout and thorough QA,95,"predicted, blending legacy manufacturing with cloud-native control strategies. Entity_029 reports that its founder is Dr. Brax. Engineers on the ground noted that incremental improvements compounded into outsized performance gains over a single fiscal quarter. Company filings list Entity_040's last funding round year as 2021. Academic partnerships have driven much of the mid-stage instrumentation development. Local government grants seeded prototypes that were later commercialized by small teams. Local government grants seeded prototypes that were later commercialized by small teams. A recurring theme among case studies is the tension between rapid rollout and thorough QA, often visible in public filings. Operational consolidation sometimes disguised"
251,UNKNOWN,0,No evidence found
380,49,95,und evidence in public records or archived press releases. Company filings list Entity_011's subscription price (usd) as 49. Engineers on the ground noted that incremental improvements compounded into outsized performance gains over a single fiscal quarter. Operational consolidation sometimes disguised underlying product diversity. Many narratives that began as speculative blog posts later found evidence in public records or archived press releases. Academic partnerships have driven much of the mid-stage instrumentation development. Local government grants seeded prototypes that were later commercialized by small teams. Academic partnerships have driven much of the mid-stage instrumentation development. Entity_037 reports that its employee count (approx) is 230. Interviews with former staff revealed a mix of pride and frustr
106,2010,95,"stribution of resources, often favoring coastal centers over inland facilities. Entity_010 reports that its founded year is 2010. Academic partnerships have driven much of the mid-stage instrumentation development. Local government grants seeded prototypes that were later commercialized by small teams. Academic partnerships have driven much of the mid-stage instrumentation development. Interviews with former staff revealed a mix of pride and frustration, a common thread across multiple small firms. Company filings list Entity_032's"
60,UNKNOWN,0,No evidence found
227,UNKNOWN,0,No evidence found
267,UNKNOWN,0,No evidence found
398,Prof. Garr. Interviews with former staff revealed a mix of pride and frustration,95,"ized performance gains over a single fiscal quart</p></article> <article><p>er. Entity_024 reports that its founder is Prof. Garr. Interviews with former staff revealed a mix of pride and frustration, a common thread across multiple small firms. Operational consolidation sometim"
85,UNKNOWN,0,No evidence found
77,UNKNOWN,0,No evidence found
275,UNKNOWN,0,No evidence found
412,Echowood. A recurring theme among ca,95,"es, often favoring coastal centers over inland facilities. Company filings list Entity_024's headquarters as Echowood. A recurring theme among ca</p></article> <article><h2>Profile: Entity_024</h2> <p>se studies is the tensio"
104,UNKNOWN,0,No evidence found
427,UNKNOWN,0,No evidence found
281,UNKNOWN,0,No evidence found
458,UNKNOWN,0,No evidence found
422,Powering modern life. Local government grants seeded prototypes that were later commercialized by small teams. Engineers on the ground noted that incremental improvements compounded into outsized performance gains over a single fiscal quarter. Operational consolidation sometimes disguised underlying product diversity. Local government grants seeded prototypes that were later commercialized by small teams. Many narratives that began as speculative blog posts later found evidence in public records or archived press releases. A recurring theme among case studies is the tension between rapid rollout and thorough QA,95,"ements compounded into outsized performance gains over a single fiscal quarter. Entity_009 reports that its tagline is Powering modern life. Local government grants seeded prototypes that were later commercialized by small teams. Engineers on the ground noted that incremental improvements compounded into outsized performance gains over a single fiscal quarter. Operational consolidation sometimes disguised underlying product diversity. Local government grants seeded prototypes that were later commercialized by small teams. Many narratives that began as speculative blog posts later found evidence in public records or archived press releases. A recurring theme among case studies is the tension between rapid rollout and thorough QA, often visible in public filings. Industry observers note Entity_011 with suppo"
289,2012,95,"ed a mix of pride and frustration, a common thread across multiple small firms. Entity_029 reports that its founded year is 2012. Operational consolidation sometimes disguised underlying product diversity. Many narratives that began as speculative blog posts later found evidence in public records or archived press releases. Local government grants seeded prototypes that were later commercialized by small teams. Many narratives that began as speculative blog posts later found evidence in public records or archived press releases. A recurring theme among case studies is the tension between rapid rollout and thorough QA, often visible in public filings. A deliberate focus on customer experience res"
40,2012,95,"ed a mix of pride and frustration, a common thread across multiple small firms. Entity_029 reports that its founded year is 2012. Operational consolidation sometimes disguised underlying product diversity. Many narratives that began as speculative blog posts later found evidence in public records or archived press releases. Local government grants seeded prototypes that were later commercialized by small teams. Many narratives that began as speculative blog posts later found evidence in public records or archived press releases. A recurring theme among case studies is the tension between rapid rollout and thorough QA, often visible in public filings. A deliberate focus on customer experience res"
186,UNKNOWN,0,No evidence found
271,UNKNOWN,0,No evidence found
443,29,95,"rollout and thorough QA, often visible in public filings. Company filings list Entity_038's subscription price (usd) as 29. A recurring theme among case studies is the tension between rapid rollout and thorough QA, often visible in public filings. A deliberate focus on customer experience res"
270,EMEA Base. Many narratives that began as speculative blog posts later found evidence in public records or archived press releases. Entity_021 is headquartered in Harbor View. In recent years the sector has shifted in ways few predicted,95,"und evidence in public records or archived press releases. Company filings list Entity_029's regional hq as EMEA Base. Many narratives that began as speculative blog posts later found evidence in public records or archived press releases. Entity_021 is headquartered in Harbor View. In recent years the sector has shifted in ways few predicted, blending legacy manufacturing with cloud-native control strategies. Regional h"
42,UNKNOWN,0,No evidence found
306,Harbor View. Many narratives that began as speculative blog posts later found evidence in public records or archived press releases. According to archived materials,95,"thorough QA, often visible in public filings. According to archived materials, Entity_036 had headquarters neighborhood listed as Harbor View. Many narratives that began as speculative blog posts later found evidence in public records or archived press releases. According to archived materials, Entity_050 had tagline listed as Harvested with care. A recurring theme among"
127,UNKNOWN,0,No evidence found
112,Industrial sensors. Many narratives that began as speculative blog posts later found evidence in public records or archived press releases. Academic partnerships have driven much of the mid-stage instrumentation development. Interviews with former staff revealed a mix of pride and frustration,95,"e blog posts later found evidence in public records or archived press releases. Entity_022 is headquartered in Industrial sensors. Many narratives that began as speculative blog posts later found evidence in public records or archived press releases. Academic partnerships have driven much of the mid-stage instrumentation development. Interviews with former staff revealed a mix of pride and frustration, a common thread across multiple small firms. Many narratives that began as spe"
341,UNKNOWN,0,No evidence found
276,Ari Merren. Regional hubs provided an uneven distribution of resources,95,"that were later commercialized by small teams. According to archived materials, Entity_008 had ceo listed as Ari Merren. Regional hubs provided an uneven distribution of resources, often favoring coastal centers over inland facilities. A recurring theme among"
488,UNKNOWN,0,No evidence found
482,UNKNOWN,0,No evidence found
213,ClinicNet. Academic partnerships have driven much of the mid-stage instrumentation development. Entity_007 is headquartered in Customer Choice 2020. Academic partnerships have driven much of the mid-stage instrumentation development. Interviews with former staff revealed a mix of pride and frustration,95,"legacy manufacturing with cloud-native control strategies. Company filings list Entity_012's major client as ClinicNet. Academic partnerships have driven much of the mid-stage instrumentation development. Entity_007 is headquartered in Customer Choice 2020. Academic partnerships have driven much of the mid-stage instrumentation development. Interviews with former staff revealed a mix of pride and frustration, a common thread across multiple small firms. Interviews with former staff reve"
192,UNKNOWN,0,No evidence found
311,Sustainability Medal 2021. Academic partnerships have driven much of the mid-stage instrumentation development. According to archived materials,95,"ms. Company filings</p></article> <article><h2>Profile: Entity_022</h2> <p>list Entity_034's recent award as Sustainability Medal 2021. Academic partnerships have driven much of the mid-stage instrumentation development. According to archived materials, Entity_014 had employee count (approx) listed as 50. Regional hubs provided an"
433,UNKNOWN,0,No evidence found
79,Hybrid cloud controllers. Interviews with former staff revealed a mix of pride and frustration,95,"ements compounded into outsized performance gains over a single fiscal quarter. Entity_036 reports that its core technology is Hybrid cloud controllers. Interviews with former staff revealed a mix of pride and frustration, a common thread across multiple small firms. Interviews with former staff reve"
391,UNKNOWN,0,No evidence found
428,UNKNOWN,0,No evidence found
113,UNKNOWN,0,No evidence found
114,Delta Labs. Engineers on the ground noted that incremental improvements compounded into outsized performance gains over a single fiscal quarter. Industry observers note Entity_026 with subscription price,95,"llout and thorough QA, often visible in public filings. Industry observers note Entity_039 with partner organization equal to Delta Labs. Engineers on the ground noted that incremental improvements compounded into outsized performance gains over a single fiscal quarter. Industry observers note Entity_026 with subscription price (usd) equal to 19. Operational consolidation sometimes disguised underlying prod"
315,UNKNOWN,0,No evidence found
189,UNKNOWN,0,No evidence found
409,RivalCorp. Engineers on the ground noted that incremental improvements compounded into outsized performance gains over a single fiscal quarter. Interviews with former staff revealed a mix of pride and frustration,95,"ocus on customer experience reshaped product roadmaps during late-stage pivots. Entity_009 is headquartered in RivalCorp. Engineers on the ground noted that incremental improvements compounded into outsized performance gains over a single fiscal quarter. Interviews with former staff revealed a mix of pride and frustration, a common thread across multiple small firms. Academic partnerships have driven"
402,5,95,"frustration, a common thread across multiple small firms. Company filings list Entity_036's annual revenue (usd millions) as 5. Local government grants seeded prototypes that were later commercialized by small teams. Entity_036 is headquartered in 5. Operational consolidation sometimes disguised underlying product diversity. A deliberate focus on customer experience reshaped product roadmaps during late-stage pivots. Engineers on the ground noted that incremental improvements compounded into outsized performance gains over a single fiscal quarter. Operational consolidation sometimes disguised underlying product diversity. Many narratives that began as speculative blog posts later found evidence in public records or archived press releases. Academic partnerships have driven much of the mid-stage instrumentation development. Entity_036 reports that its annual revenue (usd millions) is 5. Many narratives that began as speculative blog posts later"
369,Industrial sensors. A deliberate focus on customer experience reshaped product roadmaps during late-stage pivots. Local government grants seeded prototypes that were later commercialized by small teams. A deliberate focus on customer experience reshaped product roadmaps during late-stage pivots. In recent years the sector has shifted in ways few predicted,95,"acy manufacturing with cloud-native control strategies. Industry observers note Entity_021 with primary market equal to Industrial sensors. A deliberate focus on customer experience reshaped product roadmaps during late-stage pivots. Local government grants seeded prototypes that were later commercialized by small teams. A deliberate focus on customer experience reshaped product roadmaps during late-stage pivots. In recent years the sector has shifted in ways few predicted, blending legacy manufacturing with cloud-native control strategies. A recurrin"
354,MetroGrid. In recent years the sector has shifted in ways few predicted,95,"e blog posts later found evidence in public records or archived press releases. Entity_016 reports that its major client is MetroGrid. In recent years the sector has shifted in ways few predicted, blending legacy manufacturing with cloud-native control strategies. Industry o"
160,Founders Row. Academic partnerships have driven much of the mid-stage instrumentation development. Regional hubs provided an uneven distribution of resources,95,"acturing with cloud-native control strategies. According to archived materials, Entity_010 had headquarters neighborhood listed as Founders Row. Academic partnerships have driven much of the mid-stage instrumentation development. Regional hubs provided an uneven distribution of resources, often favoring coastal centers over inland facilities. Academic partnerships h"
361,Harvested with care. A deliberate focus on customer experience reshaped product roadmaps during late-stage pivots. A deliberate focus on customer experience reshaped product road,95,"stribution of resources, often favoring coastal centers over inland facilities. Entity_014 reports that its tagline is Harvested with care. A deliberate focus on customer experience reshaped product roadmaps during late-stage pivots. A deliberate focus on customer experience reshaped product road</p></article> <article><p>maps during late-stage pivots. In recent years the se"
258,Sora Tal. Operational consolidation sometimes disguised underlying product diversity. Entity_030 is headquartered in 99. Academic partnerships have driven much of the mid-stage instrumentation development. Local government grants seeded prototypes that were later commercialized by small teams. Regional hubs provided an uneven distribution of resources,95,"acy manufacturing with cloud-native control strategies. Industry observers note Entity_011 with ceo equal to Sora Tal. Operational consolidation sometimes disguised underlying product diversity. Entity_030 is headquartered in 99. Academic partnerships have driven much of the mid-stage instrumentation development. Local government grants seeded prototypes that were later commercialized by small teams. Regional hubs provided an uneven distribution of resources, often favoring coastal centers over inland facilities. Local government grants"
352,Synthex. Operational consolidation sometimes disguised underlying product diversity. Regi,95,legacy manufacturing with cloud-native control strategies. Company filings list Entity_019's main competitor as Synthex. Operational consolidation sometimes disguised underlying product diversity. Regi</p></article> <article><p>onal hubs provided an uneven distribution of resource
401,support@entity_013.example. Operational consolidation sometimes disguised underlying product diversity. Engineers on the ground noted that incremental improvements compounded into outsized performance gains over a single fiscal quarter. Engineers on the ground noted that incremental improvements compounded into outsized performance gains over a single fiscal quarter. Regional hubs provided an uneven distribution of resources,95,"predicted, blending legacy manufacturing with cloud-native control strategies. Entity_013 reports that its support email is support@entity_013.example. Operational consolidation sometimes disguised underlying product diversity. Engineers on the ground noted that incremental improvements compounded into outsized performance gains over a single fiscal quarter. Engineers on the ground noted that incremental improvements compounded into outsized performance gains over a single fiscal quarter. Regional hubs provided an uneven distribution of resources, often favoring coastal centers over inland facilities. In recent years the sec"
82,UNKNOWN,0,No evidence found
158,UNKNOWN,0,No evidence found
239,2016,95,"ation sometimes disguised underlying product diversity. Industry observers note Entity_028 with last funding round year equal to 2016. Interviews with former staff revealed a mix of pride and frustration, a common thread across multiple small firms. Many narratives that began as spe"
61,UNKNOWN,0,No evidence found
342,J. Rell. Operational consolidation sometimes disguised underlying product diversity. Many narratives that began as speculative blog posts later found evidence in public records or archived press releases. Interviews with former staff revealed a mix of pride and frustration,95,"frustration, a common thread across multiple small firms. Company filings list Entity_037's founder as J. Rell. Operational consolidation sometimes disguised underlying product diversity. Many narratives that began as speculative blog posts later found evidence in public records or archived press releases. Interviews with former staff revealed a mix of pride and frustration, a common thread across multiple small firms. A recurring theme among case stud"
32,UNKNOWN,0,No evidence found
385,AUD. Regional hubs provided an uneven distribution of resources,95,", a common thread across multiple small firms. According to archived materials, Entity_033 had default currency listed as AUD. Regional hubs provided an uneven distribution of resources, of</p></article> <article><p>ten favoring coastal centers over inland faciliti"
355,Helix Foundation. A recurring theme among case studies is the tension between rapid rollout and thorough QA,95,"nce reshaped product roadmaps during late-stage pivots. Industry observers note Entity_044 with partner organization equal to Helix Foundation. A recurring theme among case studies is the tension between rapid rollout and thorough QA, often visible in public filings. Interviews with former staff revealed a mix o"
185,2022,95,ernment grants seeded prototypes that were later commercialized by small teams. Entity_001 reports that its last funding round year is 2022. Operational consolidation sometimes disguised underlying product diversity. Academic partnerships have driven much of the mid-stage instrumentation development. En</p></article> <article><p>tity_001 reports that its primary market is Light EVs
478,UNKNOWN,0,No evidence found
387,support@entity_038.example. Operational consolidation sometimes disguised underlying product diversity. Operational consolidation sometimes disguised underlying product diversity. Regional hubs provided an uneven distribution of resources,95,"erformance gains over a single fiscal quarter. According to archived materials, Entity_038 had support email listed as support@entity_038.example. Operational consolidation sometimes disguised underlying product diversity. Operational consolidation sometimes disguised underlying product diversity. Regional hubs provided an uneven distribution of resources, often favoring coastal centers over inland facilities. Industry observers note"
6,UNKNOWN,0,No evidence found
461,8,95,"thorough QA, often visible in public filings. According to archived materials, Entity_014 had number of offices listed as 8. Academic partnerships have driven much of the mid-stage instrumentation development. Operational consolidation sometimes disguised underlying product diversity. Local government grants seeded prototypes that were later commercialized by small</p></article> <article><p>teams. A deliberate focus on customer experience resh"
457,UNKNOWN,0,No evidence found
299,Port Selene. Operational consolidation sometimes disguised underlying product diversity. A deliberate focus on customer experience reshaped product roadmaps during late-stage pivots. Regional hubs provided an uneven distribution of resources,95,"nce reshaped product roadmaps during late-stage pivots. Industry observers note Entity_015 with headquarters equal to Port Selene. Operational consolidation sometimes disguised underlying product diversity. A deliberate focus on customer experience reshaped product roadmaps during late-stage pivots. Regional hubs provided an uneven distribution of resources, often favoring coastal centers over inland facilities. Interviews with former"
155,UNKNOWN,0,No evidence found
169,1,95,"of the mid-stage instrumentation development. According to archived materials, Entity_010 had number of offices listed as 1. Interviews with former staff revealed a mix of pride and frustration, a common thread across multiple small firms. Regional hubs provided an uneven"
137,MetroGrid. Local government grants seeded prototypes that were later commercialized by small teams. In recent years the sector has shifted in ways few predicted,95,"ernment grants seeded prototypes that were later commercialized by small teams. Entity_013 reports that its major client is MetroGrid. Local government grants seeded prototypes that were later commercialized by small teams. In recent years the sector has shifted in ways few predicted, blending legacy manufacturing with cloud-native control strategies. Operationa"
229,MetroGrid. Engineers on the ground noted that incremental improvements compounded into outsized performance gains over a single fiscal quarter. Engineers on the ground noted that incremental improvements compounded into outsized performance gains over a single fiscal quarter. Entity_044 reports that its last funding round year is 2022. Engineers on the ground noted that incremental improvements compounded into outsized performance gains over a single fiscal quarter. Regional hubs provided an uneven distribution of resources,95,"predicted, blending legacy manufacturing with cloud-native control strategies. Entity_008 reports that its major client is MetroGrid. Engineers on the ground noted that incremental improvements compounded into outsized performance gains over a single fiscal quarter. Engineers on the ground noted that incremental improvements compounded into outsized performance gains over a single fiscal quarter. Entity_044 reports that its last funding round year is 2022. Engineers on the ground noted that incremental improvements compounded into outsized performance gains over a single fiscal quarter. Regional hubs provided an uneven distribution of resources, often favoring coastal centers over inland facilities. Engineers on the ground"
121,support@entity_027.example. Engineers on the ground noted that incremental improvements compounded into outsized performance gains over a single fiscal quarter. Academic partnerships have driven much of the mid-stage instrumentation development. Many narratives that began as speculative blog posts later found evidence in public records or archived press releases. Operational consolidation sometimes d,95,mic partnerships have driven much of the mid-stage instrumentation development. Entity_027 reports that its support email is support@entity_027.example. Engineers on the ground noted that incremental improvements compounded into outsized performance gains over a single fiscal quarter. Academic partnerships have driven much of the mid-stage instrumentation development. Many narratives that began as speculative blog posts later found evidence in public records or archived press releases. Operational consolidation sometimes d</p></article> <article><p>isguised underlying product diversity. Interviews wit
197,UNKNOWN,0,No evidence found
134,D,95,often favoring coastal centers over inland facilities. Industry observers note Entity_050 with partner organization equal to D</p></article> <article><p>elta Labs. In recent years the sector has shifted in
4,UNKNOWN,0,No evidence found
128,FarmCo. Academic partnerships have driven much of the mid-stage instrumentation development. Academic partnerships have driven much of the mid-stage instrumentation development. Academic partnerships have driven much of the mid-stage instrumentation development. A deliberate focus on customer experience reshaped product roadmaps during late-stage pivots. Regional hubs provided an uneven distribution of resources,95,"rience reshaped product roadmaps during late-stage pivots. Company filings list Entity_020's major client as FarmCo. Academic partnerships have driven much of the mid-stage instrumentation development. Academic partnerships have driven much of the mid-stage instrumentation development. Academic partnerships have driven much of the mid-stage instrumentation development. A deliberate focus on customer experience reshaped product roadmaps during late-stage pivots. Regional hubs provided an uneven distribution of resources, often favoring coastal centers over inland facilities. According to archived m"
166,2002,95,"e blog posts later found evidence in public records or archived press releases. Entity_001 reports that its founded year is 2002. Engineers on the ground noted that incremental improvements compounded into outsized performance gains over a single fiscal quarter. A deliberate focus on customer experience reshaped product roadmaps during late-stage pivots. A recurring theme among case studies is</p></article> <article><p>the tension between rapid rollout and thorough QA, of"
474,2,95,"that were later commercialized by small teams. According to archived materials, Entity_018 had number of offices listed as 2. Academic partnerships have driven much of the mid-stage instrumentation development. Interviews with former staff revealed a mix of pride and frustration, a common thread across multiple small firms. Industry observers note Entity_04"
72,UNKNOWN,0,No evidence found
95,UNKNOWN,0,No evidence found
49,UNKNOWN,0,No evidence found
499,UNKNOWN,0,No evidence found
206,UNKNOWN,0,No evidence found
45,UNKNOWN,0,No evidence found
168,UNKNOWN,0,No evidence found
264,UNKNOWN,0,No evidence found
219,UNKNOWN,0,No evidence found
208,UNKNOWN,0,No evidence found
328,UNKNOWN,0,No evidence found
313,2020,95,"nce reshaped product roadmaps during late-stage pivots. Industry observers note Entity_037 with founded year equal to 2020. In recent years the sector has shifted in ways few predicted, blending legacy manufacturing with cloud-native control strategies. According"
454,UNKNOWN,0,No evidence found
424,UNKNOWN,0,No evidence found
471,UNKNOWN,0,No evidence found
346,BluePeak. Operational consolidation sometimes disguised underlying product diversity. A deliberate focus on customer experience reshaped product roadmaps during late-stage pivots. Interviews with former staff revealed a mix of pride and frustration,95,"in public records or archived press releases. According to archived materials, Entity_017 had main competitor listed as BluePeak. Operational consolidation sometimes disguised underlying product diversity. A deliberate focus on customer experience reshaped product roadmaps during late-stage pivots. Interviews with former staff revealed a mix of pride and frustration, a common thread across multiple small firms. A recurring theme among case stud"
438,UNKNOWN,0,No evidence found
152,UNKNOWN,0,No evidence found
405,UNKNOWN,0,No evidence found
173,Industrial sensors. Interviews with former staff revealed a mix of pride and frustration,95,"driven much of the mid-stage instrumentation development. Company filings list Entity_019's primary market as Industrial sensors. Interviews with former staff revealed a mix of pride and frustration, a common thread across multiple small firms. Engineers on the ground noted tha"
378,Shape what comes next. Many narratives that began as speculative blog posts later found evidence in public records or archived press releases. According to archived materials,95,"utsized performance gains over a single fiscal quarter. Industry observers note Entity_047 with tagline equal to Shape what comes next. Many narratives that began as speculative blog posts later found evidence in public records or archived press releases. According to archived materials, Entity_016 had public listing year listed as 2006. Engineers on the ground not"
8,UNKNOWN,0,No evidence found
444,UNKNOWN,0,No evidence found
489,UNKNOWN,0,No evidence found
132,EUR. Engineers on the ground noted that incremental improvements compounded into outsized performance gains over a single fiscal quarter. Local government grants seeded prototypes that were later commercialized by small teams. In recent years the sector has shifted in ways few predicted,95,"ements compounded into outsized performance gains over a single fiscal quarter. Entity_029 reports that its default currency is EUR. Engineers on the ground noted that incremental improvements compounded into outsized performance gains over a single fiscal quarter. Local government grants seeded prototypes that were later commercialized by small teams. In recent years the sector has shifted in ways few predicted, blending legacy manufacturing with cloud-native control strategies. Local gove"
332,UNKNOWN,0,No evidence found
235,support@entity_032.example. Interviews with former staff revealed a mix of pride and frustration,95,"driven much of the mid-stage instrumentation development. Company filings list Entity_032's support email as support@entity_032.example. Interviews with former staff revealed a mix of pride and frustration, a common thread across multiple small firms. Company filings list Entity_005's"
375,UNKNOWN,0,No evidence found
84,2020,95,"frustration, a common thread across multiple small firms. Company filings list Entity_006's public listing year as 2020. A deliberate focus on customer experience reshaped product roadmaps during late-stage pivots. Academic partnerships have driven much of the mid-stage instrumentation development. Interviews with former staff revealed a mix of pride and frustration, a common thread across multiple small firms. Engineers on the ground noted tha"
490,UNKNOWN,0,No evidence found
58,Powering modern life. Engineers on the ground noted that incremental improvements compounded into outsized performance gains over a single fiscal quarter. According to archived materials,95,"thorough QA, often visible in public filings. According to archived materials, Entity_013 had tagline listed as Powering modern life. Engineers on the ground noted that incremental improvements compounded into outsized performance gains over a single fiscal quarter. According to archived materials, Entity_025 had last funding round year listed as 2017. In recent years the sec"
415,UNKNOWN,0,No evidence found
99,Sector 7 Research Park. A recurring theme among case studies is the tension between rapid rollout and thorough QA,95,"lidation sometimes disguised underlying product diversity. Company filings list Entity_028's research lab location as Sector 7 Research Park. A recurring theme among case studies is the tension between rapid rollout and thorough QA, often visible in public filings. Entity_028 is headquartered in Sector 7 Resea"
140,UNKNOWN,0,No evidence found
240,UNKNOWN,0,No evidence found
259,2022,95,"predicted, blending legacy manufacturing with cloud-native control strategies. Entity_010 reports that its last funding round year is 2022. A deliberate focus on customer experience reshaped product roadmaps during late-stage pivots. Regional hubs provided an uneven distribution of resources, often favoring coastal centers over inland facilities. Academic partnerships h"
69,UNKNOWN,0,No evidence found
253,UNKNOWN,0,No evidence found
269,support@entity_024.example. Academic partnerships have driven much of the mid-stage instrumentation development. Operational consolidation sometimes disguised underlying product diversity. Many narratives that began as speculative blog posts later found evidence in public records or archived press releases. Operational consolidation sometimes disguised underlying product diversity. Local gover,95,nce reshaped product roadmaps during late-stage pivots. Industry observers note Entity_024 with support email equal to support@entity_024.example. Academic partnerships have driven much of the mid-stage instrumentation development. Operational consolidation sometimes disguised underlying product diversity. Many narratives that began as speculative blog posts later found evidence in public records or archived press releases. Operational consolidation sometimes disguised underlying product diversity. Local gover</p></article> <article><h2>Profile: Entity_033</h2> <p>nment grants seeded prot
279,5,95,"in public records or archived press releases. According to archived materials, Entity_025 had number of offices listed as 5. Regional hubs provided an uneven distribution of resources, often favoring coastal centers over inland facilities. Regional hubs provided"
329,UNKNOWN,0,No evidence found
233,UNKNOWN,0,No evidence found
146,UNKNOWN,0,No evidence found
172,55. A recurring theme among case studies is the tension between rapid rollout and thorough QA,95,"mic partnerships have driven much of the mid-stage instrumentation development. Entity_008 is headquartered in 55. A recurring theme among case studies is the tension between rapid rollout and thorough QA, often visible in public filings. Entity_010 is headquartered in 29. Local gove"
55,J. Vale. Engineers on the ground noted that incremental improvements compounded into outsized performance gains over a single fiscal quarter. In recent years the sector has shifted in ways few predicted,95,"stribution of resources, often favoring coastal centers over inland facilities. Entity_048 reports that its founder is J. Vale. Engineers on the ground noted that incremental improvements compounded into outsized performance gains over a single fiscal quarter. In recent years the sector has shifted in ways few predicted, blending legacy manufacturing with cloud-native control strategies. A delibera"
309,UNKNOWN,0,No evidence found
291,UNKNOWN,0,No evidence found
153,support@entity_033.example. Interviews with former,95,"es, often favoring coastal centers over inland facilities. Company filings list Entity_033's support email as support@entity_033.example. Interviews with former</p></article> <article><p>staff revealed a mix of pride and frustration, a comm"
5,UNKNOWN,0,No evidence found
455,Innovation Prize 2022. Engineers on the ground noted that incremental improvements compounded into outsized performance gains over a single fiscal quarter. Engineers on the ground noted that incremental improvements compounded into outsized performance,95,"ed a mix of pride and frustration, a common thread across multiple small firms. Entity_014 reports that its recent award is Innovation Prize 2022. Engineers on the ground noted that incremental improvements compounded into outsized performance gains over a single fiscal quarter. Engineers on the ground noted that incremental improvements compounded into outsized performance</p></article> <article><p>gains over a single fiscal quarter. Operational conso"
149,UNKNOWN,0,No evidence found
384,UNKNOWN,0,No evidence found
96,Bio-sensor arrays. Interviews with former staff revealed a mix of pride and frustration,95,"acy manufacturing with cloud-native control strategies. Industry observers note Entity_048 with core technology equal to Bio-sensor arrays. Interviews with former staff revealed a mix of pride and frustration, a common thread across multiple small firms. Local government grants seeded pr"
254,UNKNOWN,0,No evidence found
404,AUD. Regional hubs provided an uneven distribution of resources,95,", a common thread across multiple small firms. According to archived materials, Entity_033 had default currency listed as AUD. Regional hubs provided an uneven distribution of resources, of</p></article> <article><p>ten favoring coastal centers over inland faciliti"
204,UNKNOWN,0,No evidence found
477,UNKNOWN,0,No evidence found
19,UNKNOWN,0,No evidence found
91,UNKNOWN,0,No evidence found
429,UNKNOWN,0,No evidence found
452,UNKNOWN,0,No evidence found
214,2004,95,"predicted, blending legacy manufacturing with cloud-native control strategies. Entity_009 reports that its</p></article> <article><h2>Profile: Entity_034</h2> <p>founded year is 2004. Regional hubs provided an uneven distribution of resources, often favoring coastal centers over inland facilities. Operational consolidati"
90,UNKNOWN,0,No evidence found
20,2019,95,"ocus on customer experience reshaped product roadmaps during late-stage pivots. Entity_033 reports that its product launch year is 2019. Operational consolidation sometimes disguised underlying product diversity. Interviews with former staff revealed a mix of pride and frustration, a common thread across multiple small firms. Entity_036 reports that its tagli"
436,UNKNOWN,0,No evidence found
371,UNKNOWN,0,No evidence found
379,Calder Point. Many narratives that began as speculative blog posts later found evidence in public records or archived press releases. A recurring theme among case studies is the tension between rapid rollout and thorough QA,95,"erformance gains over a single fiscal quarter. According to archived materials, Entity_013 had headquarters listed as Calder Point. Many narratives that began as speculative blog posts later found evidence in public records or archived press releases. A recurring theme among case studies is the tension between rapid rollout and thorough QA, often visible in public filings. Engineers on the ground noted that incrementa"
274,RivalCorp. Interviews with former staff revealed a mix of pride and frustration,95,"ustration, a common thread across multiple small firms. Industry observers note Entity_021 with main competitor equal to RivalCorp. Interviews with former staff revealed a mix of pride and frustration, a common thread across multiple small firms. Interviews with former staff reve"
119,Tomorrow,95,"ements compounded into outsized performance gains over a single fiscal quarter. Entity_011 reports that its slogan is Tomorrow, today. In recent years the sector has shifted in ways few predicted, blending"
294,UNKNOWN,0,No evidence found
473,UNKNOWN,0,No evidence found
46,GBP. Interviews with former staff revealed a mix of pride and frustration,95,"ocus on customer experience reshaped product roadmaps during late-stage pivots. Entity_020 reports that its default currency is GBP. Interviews with former staff revealed a mix of pride and frustration, a common thread across multiple small firms. Engineers on the ground noted th<"
394,Customer Choice 2020. In recent years the sector has shifted in ways few predicted,95,"iven much of the mid-stage instrumentation development. Industry observers note Entity_007 with recent award equal to Customer Choice 2020. In recent years the sector has shifted in ways few predicted, blending legacy manufacturing with cloud-native control strategies. Interviews"
465,GBP. Local government grants seeded prototypes that were later commercialized by small teams. A deliberate focus on customer experience reshaped product roadmaps during late-stage pivots. In recent years the sector has shifted in ways few predicted,95,"ocus on customer experience reshaped product roadmaps during late-stage pivots. Entity_012 reports that its default currency is GBP. Local government grants seeded prototypes that were later commercialized by small teams. A deliberate focus on customer experience reshaped product roadmaps during late-stage pivots. In recent years the sector has shifted in ways few predicted, blending legacy manufacturing with cloud-native control strategies. Industry o"
31,UNKNOWN,0,No evidence found
331,UNKNOWN,0,No evidence found
147,UNKNOWN,0,No evidence found
165,2017,95,"thorough QA, often visible in public filings. According to archived materials, Entity_029 had last funding round year listed as 2017. Interviews with former staff revealed a mix of pride and frustration, a common thread across multiple small firms. Engineers on the ground noted tha"
148,UNKNOWN,0,No evidence found
388,Prof. Garr. Academic partnerships have driven much of the mid-stage instrumentation development. Engineers on the ground noted that incremental improvements compounded into outsized performance gains over a single fiscal quarter. Interviews with former staff revealed a mix of pride and frustration,95,"of the mid-stage instrumentation development. According to archived materials, Entity_004 had founder listed as Prof. Garr. Academic partnerships have driven much of the mid-stage instrumentation development. Engineers on the ground noted that incremental improvements compounded into outsized performance gains over a single fiscal quarter. Interviews with former staff revealed a mix of pride and frustration, a common thread across multiple small firms. Many narratives that began as spe"
103,Industrial sensors. Many narratives that began as speculative blog posts later found evidence in public records or archived press releases. Academic partnerships have driven much of the mid-stage instrumentation development. Interviews with former staff revealed a mix of pride and frustration,95,"e blog posts later found evidence in public records or archived press releases. Entity_022 is headquartered in Industrial sensors. Many narratives that began as speculative blog posts later found evidence in public records or archived press releases. Academic partnerships have driven much of the mid-stage instrumentation development. Interviews with former staff revealed a mix of pride and frustration, a common thread across multiple small firms. Many narratives that began as spe"
334,2017,95,"ernment grants seeded prototypes that were later commercialized by small teams. Entity_020 reports that its last funding round year is 2017. Interviews with former staff revealed a mix of pride and frustration, a common thread across multiple small firms. Local government grants seeded pr"
245,2017,95,"thorough QA, often visible in public filings. According to archived materials, Entity_029 had last funding round year listed as 2017. Interviews with former staff revealed a mix of pride and frustration, a common thread across multiple small firms. Engineers on the ground noted tha"
244,UNKNOWN,0,No evidence found
450,55. Interviews with former staff revealed a mix of pride and frustration,95,"stribution of resources, often favoring coastal centers over inland facilities. Entity_045 is headquartered in 55. Interviews with former staff revealed a mix of pride and frustration, a common thread across multiple small firms. A recurring theme among case stud"
451,UNKNOWN,0,No evidence found
335,2015,95,"nce reshaped product roadmaps during late-stage pivots. Industry observers note Entity_035 with founded year equal to 2015. Local government grants seeded prototypes that were later commercialized by small teams. Regional hubs provided an uneven distribution of resources, often favoring coastal centers over inland facilities. A recurring theme among"
209,UNKNOWN,0,No evidence found
81,Built with care. Engineers on the ground noted that incremental improvements compounded into outsized performance gains over a single fiscal quarter. Operational consolidation sometimes disguised underlying product diversity. A recurring theme among case studies is the tension between rapid rollout and thorough QA,95,"ocus on customer experience reshaped product roadmaps during late-stage pivots. Entity_017 reports that its slogan is Built with care. Engineers on the ground noted that incremental improvements compounded into outsized performance gains over a single fiscal quarter. Operational consolidation sometimes disguised underlying product diversity. A recurring theme among case studies is the tension between rapid rollout and thorough QA, often visible in public filings. Industry observers note Entity_034 with custo"
476,Calder Point Works. Interviews with former staff revealed a mix of pride and frustration,95,"ernment grants seeded prototypes that were later commercialized by small teams. Entity_020 is headquartered in Calder Point Works. Interviews with former staff revealed a mix of pride and frustration, a common thread across multiple small firms. A recurring theme among case stud"
282,UNKNOWN,0,No evidence found
3,UNKNOWN,0,No evidence found
71,UNKNOWN,0,No evidence found
395,UNKNOWN,0,No evidence found
349,Synthex. Operational consolidation sometimes disguised underlying product diversity. In recent years the sector has shifted in ways few predicted,95,"erformance gains over a single fiscal quarter. According to archived materials, Entity_040 had main competitor listed as Synthex. Operational consolidation sometimes disguised underlying product diversity. In recent years the sector has shifted in ways few predicted, blending legacy manufacturing with cloud-native control st</p></article> <arti"
492,UNKNOWN,0,No evidence found
242,UNKNOWN,0,No evidence found
368,Gr,95,"predicted, blending legacy manufacturing with cloud-native control strategies. Entity_036 reports that its headquarters is Gr</p></article> <article><p>eyhaven. Operational consolidation sometimes disguise"
170,UNKNOWN,0,No evidence found
212,UNKNOWN,0,No evidence found
52,Delta Labs. Many narratives that began as speculative blog posts later found evidence in public records or archived press releases. Entity_033 reports that its annual revenue,95,evidence in public records or archived press releases. Industry observers note Entity_033 with partner organization equal to Delta Labs. Many narratives that began as speculative blog posts later found evidence in public records or archived press releases. Entity_033 reports that its annual revenue (usd millions) is 45. Local government grants seeded prototypes that were later
27,UNKNOWN,0,No evidence found
120,Dr. Brax. Engineers on the ground noted that incremental improvements compounded into outsized performance gains over a single fiscal quarter. Company filings list Entity_040's last funding round year as 2021. Academic partnerships have driven much of the mid-stage instrumentation development. Local government grants seeded prototypes that were later commercialized by small teams. Local government grants seeded prototypes that were later commercialized by small teams. A recurring theme among case studies is the tension between rapid rollout and thorough QA,95,"predicted, blending legacy manufacturing with cloud-native control strategies. Entity_029 reports that its founder is Dr. Brax. Engineers on the ground noted that incremental improvements compounded into outsized performance gains over a single fiscal quarter. Company filings list Entity_040's last funding round year as 2021. Academic partnerships have driven much of the mid-stage instrumentation development. Local government grants seeded prototypes that were later commercialized by small teams. Local government grants seeded prototypes that were later commercialized by small teams. A recurring theme among case studies is the tension between rapid rollout and thorough QA, often visible in public filings. Operational consolidation sometimes disguised"
327,Stonebridge Facility. In recent years the sector has shifted in ways few predicted,95,"that were later commercialized by small teams. According to archived materials, Entity_021 had manufacturing site listed as Stonebridge Facility. In recent years the sector has shifted in ways few predicted, blending legacy manufacturing with cloud-native control strategies. Entity_046"
116,78,95,"es, often favoring coastal centers over inland facilities. Company filings list Entity_012's customer satisfaction (score) as 78. Engineers on the ground noted that incremental improvements compounded into outsized performance gains over a single fiscal quarter. Academic partnerships have driven much of the mid-stage instrumentation development. In recent years the sector has shifted in ways few predicted, blending legacy manufacturing with cloud-native control strategies. Operationa"
272,Sector 7 Research Park. Many narratives that began as speculative blog posts later found evidence in public records or archived press releases. A deliberate focus on customer experience reshaped product roadmaps during late-stage pivots. Many narratives that began as speculative blog posts later found evidence in public records or archived press releases. Regional hubs provided an uneven distribution of resources,95,"llout and thorough QA, often visible in public filings. Industry observers note Entity_009 with research lab location equal to Sector 7 Research Park. Many narratives that began as speculative blog posts later found evidence in public records or archived press releases. A deliberate focus on customer experience reshaped product roadmaps during late-stage pivots. Many narratives that began as speculative blog posts later found evidence in public records or archived press releases. Regional hubs provided an uneven distribution of resources, often favoring coastal centers over inland facilities. In recent years the sec"
464,Powering modern life. In recent years the sector has shifted in ways few predicted,95,"acy manufacturing with cloud-native control strategies. Industry observers note Entity_025 with tagline equal to Powering modern life. In recent years the sector has shifted in ways few predicted, blending legacy manufacturing with cloud-native control strategies. Academic p"
343,2001,95,"acy manufacturing with cloud-native control strategies. Industry observers note Entity_002 with founded year equal to 2001. Engineers on the ground noted that incremental improvements compounded into outsized performance gains over a single fiscal quarter. Entity_023 is headquartered in Northbridge Partners. In recent years the sector has shifted in ways few predicted, blending legacy manufacturing with cloud-native control strategies. Engineers"
26,UNKNOWN,0,No evidence found
